teamID,yearID,R,AB,H,2B,3B,HR,BB,HBP,SF,SH,SB,CS
ANA,1997,829,5628,1531,279,25,161,617,45,57,40,126,72
ANA,1998,787,5630,1530,314,27,147,510,48,41,49,93,45
ANA,1999,711,5494,1404,248,22,158,511,43,42,41,71,45
ANA,2000,864,5628,1574,309,34,236,608,47,43,47,93,52
ANA,2001,691,5551,1447,275,26,158,494,77,53,46,116,52
ANA,2002,851,5678,1603,333,32,152,462,74,64,49,117,51
ANA,2003,736,5487,1473,276,33,150,476,56,50,50,129,61
ANA,2004,836,5675,1603,272,37,162,450,73,41,56,143,46
ARI,1998,665,5491,1353,235,46,159,489,64,27,45,73,38
ARI,1999,908,5658,1566,289,46,216,588,48,60,61,137,39
ARI,2000,792,5527,1466,282,44,179,535,59,58,61,97,44
ARI,2001,818,5595,1494,284,35,208,587,57,36,71,71,38
ARI,2002,819,5508,1471,283,41,165,643,50,53,62,92,46
ARI,2003,717,5570,1467,303,47,152,531,45,52,63,76,38
ARI,2004,615,5544,1401,295,38,135,441,35,37,56,53,32
ARI,2005,696,5550,1419,291,27,191,606,55,45,71,67,26
ARI,2006,773,5645,1506,331,38,160,504,67,53,61,76,30
ARI,2007,712,5398,1350,286,40,171,532,57,58,55,109,24
ARI,2008,720,5409,1355,318,47,159,587,49,43,68,58,23
ARI,2009,720,5565,1408,307,45,173,571,37,41,54,102,40
ARI,2010,713,5473,1366,301,34,180,589,39,41,41,86,41
ARI,2011,731,5421,1357,293,37,172,531,61,33,50,133,55
ATL,1966,782,5617,1476,220,32,207,512,40,45,72,59,47
ATL,1967,631,5450,1307,191,29,158,512,33,36,57,55,45
ATL,1968,514,5552,1399,179,31,80,414,36,30,86,83,44
ATL,1969,691,5460,1411,195,22,141,485,32,34,87,59,48
ATL,1970,736,5546,1495,215,24,160,522,38,42,54,58,34
ATL,1971,643,5575,1434,192,30,153,434,28,44,91,57,46
ATL,1972,628,5278,1363,186,17,144,532,35,38,55,47,35
ATL,1973,799,5631,1497,219,34,206,608,34,46,65,84,40
ATL,1974,661,5533,1375,202,37,120,571,24,42,109,72,44
ATL,1975,583,5424,1323,179,28,107,543,18,35,72,55,38
ATL,1976,620,5345,1309,170,30,82,589,19,47,107,74,61
ATL,1977,678,5534,1404,218,20,139,537,17,34,83,82,53
ATL,1978,600,5381,1313,191,39,123,550,27,47,61,90,65
ATL,1979,669,5422,1389,220,28,126,490,23,38,62,98,50
ATL,1980,630,5402,1352,226,22,144,434,20,33,69,73,52
ATL,1982,739,5507,1411,215,22,146,554,29,43,96,151,77
ATL,1983,746,5472,1489,218,45,130,582,17,46,78,146,88
ATL,1984,632,5422,1338,234,27,111,555,20,45,64,140,85
ATL,1985,632,5526,1359,213,28,126,553,22,41,65,72,52
ATL,1986,615,5384,1348,241,24,138,538,24,42,79,93,76
ATL,1987,747,5428,1401,284,24,152,641,38,34,86,135,68
ATL,1988,555,5440,1319,228,28,96,432,21,46,74,95,69
ATL,1989,584,5463,1281,201,22,128,485,24,42,65,83,54
ATL,1990,682,5504,1376,263,26,162,473,27,31,49,92,55
ATL,1991,749,5456,1407,255,30,141,563,32,45,86,165,76
ATL,1992,682,5480,1391,223,48,138,493,26,50,93,126,60
ATL,1993,767,5515,1444,239,29,169,560,36,50,73,125,48
ATL,1995,645,4814,1202,210,27,168,520,40,34,56,73,43
ATL,1996,773,5614,1514,264,28,197,530,27,50,69,83,43
ATL,1997,791,5528,1490,268,37,174,597,52,52,83,108,58
ATL,1998,826,5484,1489,297,26,215,548,61,46,76,98,43
ATL,1999,840,5569,1481,309,23,197,608,53,47,74,148,66
ATL,2000,810,5489,1490,274,26,179,595,59,45,87,148,56
ATL,2001,729,5498,1432,263,24,174,493,45,52,64,85,46
ATL,2002,708,5495,1428,280,25,164,558,54,49,67,76,39
ATL,2003,907,5670,1608,321,31,235,545,49,49,65,68,22
ATL,2004,803,5570,1503,304,37,178,587,59,48,75,86,32
ATL,2005,769,5486,1453,308,37,184,534,45,46,75,92,32
ATL,2006,849,5583,1510,312,26,222,526,52,44,78,52,35
ATL,2007,810,5689,1562,328,27,176,534,49,47,55,64,30
ATL,2008,753,5604,1514,316,33,130,618,42,34,69,58,27
ATL,2009,735,5539,1459,300,20,149,602,52,47,95,58,26
ATL,2010,738,5463,1411,312,25,139,634,51,35,69,63,29
ATL,2011,641,5528,1345,244,16,173,504,28,30,75,77,44
BAL,1954,483,5206,1309,195,49,52,467,21,44,99,30,31
BAL,1955,540,5257,1263,177,39,54,562,19,27,70,34,46
BAL,1956,571,5090,1242,198,34,91,561,22,31,84,39,42
BAL,1957,597,5264,1326,191,39,87,504,34,54,110,57,35
BAL,1958,521,5111,1233,195,19,108,483,28,36,62,33,35
BAL,1959,551,5208,1240,182,23,109,536,20,31,88,36,24
BAL,1960,682,5170,1307,206,33,123,596,36,37,72,37,24
BAL,1961,691,5481,1393,227,36,149,581,23,48,78,39,30
BAL,1962,652,5491,1363,225,34,156,516,32,44,75,45,32
BAL,1963,644,5448,1359,207,32,146,469,28,37,73,97,34
BAL,1964,679,5463,1357,229,20,162,537,27,47,69,78,38
BAL,1965,641,5450,1299,227,38,125,529,28,36,95,67,31
BAL,1966,755,5529,1426,243,35,175,514,39,35,82,55,43
BAL,1967,654,5456,1312,215,44,138,531,41,54,82,54,37
BAL,1968,579,5275,1187,215,28,133,570,48,49,80,78,32
BAL,1969,779,5518,1465,234,29,175,634,43,59,74,82,45
BAL,1970,792,5545,1424,213,25,179,717,44,46,64,84,39
BAL,1971,742,5303,1382,207,25,158,672,46,37,85,66,38
BAL,1972,519,5028,1153,193,29,100,507,36,40,65,78,41
BAL,1973,754,5537,1474,229,48,119,648,43,49,58,146,64
BAL,1974,659,5535,1418,226,27,116,509,58,56,72,145,58
BAL,1975,682,5474,1382,224,33,124,580,38,46,73,104,55
BAL,1976,619,5457,1326,213,28,119,519,23,35,57,150,61
BAL,1977,719,5494,1433,231,25,148,560,24,47,48,90,51
BAL,1978,659,5422,1397,248,19,154,552,22,42,41,75,61
BAL,1979,757,5371,1401,258,24,181,608,31,54,42,99,49
BAL,1980,805,5585,1523,258,29,156,587,21,46,42,111,38
BAL,1982,774,5557,1478,259,27,179,634,25,52,57,49,38
BAL,1983,799,5546,1492,283,27,168,601,23,56,46,61,33
BAL,1984,681,5456,1374,234,23,160,620,22,43,45,51,36
BAL,1985,818,5517,1451,234,22,214,604,19,40,31,69,43
BAL,1986,708,5524,1425,223,13,169,563,31,51,33,64,34
BAL,1987,729,5576,1437,219,20,211,524,22,32,31,69,45
BAL,1988,550,5358,1275,199,20,137,504,32,45,40,69,44
BAL,1989,708,5440,1369,238,33,129,593,30,47,63,118,55
BAL,1990,669,5410,1328,234,22,132,660,40,41,72,94,52
BAL,1991,686,5604,1421,256,29,170,528,33,45,47,50,33
BAL,1992,705,5485,1423,243,36,148,647,51,59,50,89,48
BAL,1993,786,5508,1470,287,24,157,655,41,56,49,73,54
BAL,1995,704,4837,1267,229,27,173,574,39,41,40,92,45
BAL,1996,949,5689,1557,299,29,257,645,61,67,31,76,40
BAL,1997,812,5584,1498,264,22,196,586,65,59,46,63,26
BAL,1998,817,5565,1520,303,11,214,593,58,44,44,86,48
BAL,1999,851,5637,1572,299,21,203,615,61,55,41,107,46
BAL,2000,794,5549,1508,310,22,184,558,49,54,27,126,65
BAL,2001,687,5472,1359,262,24,136,514,77,49,38,133,53
BAL,2002,667,5491,1353,311,27,165,452,64,49,40,110,48
BAL,2003,743,5665,1516,277,24,152,431,54,40,51,89,36
BAL,2004,842,5736,1614,319,18,169,528,57,62,46,101,41
BAL,2005,729,5551,1492,296,27,189,447,54,42,40,83,37
BAL,2006,768,5610,1556,288,20,164,474,73,41,40,121,32
BAL,2007,756,5631,1529,306,30,142,500,47,47,38,144,42
BAL,2008,782,5559,1486,322,30,172,533,42,48,27,81,37
BAL,2009,741,5618,1508,307,19,160,517,39,46,13,76,37
BAL,2010,613,5554,1440,264,21,133,424,54,45,31,76,34
BAL,2011,708,5585,1434,273,13,191,452,52,43,24,81,25
BOS,1954,700,5399,1436,244,41,123,654,23,53,78,51,30
BOS,1955,755,5273,1392,241,39,137,707,29,53,69,43,17
BOS,1956,780,5349,1473,261,45,139,727,25,46,68,28,19
BOS,1957,721,5267,1380,231,32,153,622,25,38,41,29,21
BOS,1958,697,5218,1335,229,30,155,638,27,29,60,29,22
BOS,1959,726,5225,1335,248,28,125,626,23,46,65,68,25
BOS,1960,658,5215,1359,234,32,124,570,25,51,70,34,28
BOS,1961,729,5508,1401,251,37,112,647,29,42,81,56,36
BOS,1962,707,5530,1429,257,53,146,525,27,36,59,39,33
BOS,1963,666,5575,1403,247,34,171,475,26,25,44,27,16
BOS,1964,688,5513,1425,253,29,186,504,28,26,35,18,16
BOS,1965,669,5487,1378,244,40,165,607,30,39,57,47,24
BOS,1966,655,5498,1318,228,44,145,542,32,38,65,35,24
BOS,1967,722,5471,1394,216,39,158,522,31,40,85,68,59
BOS,1968,614,5303,1253,207,17,125,582,33,41,77,76,62
BOS,1969,743,5494,1381,234,37,197,658,32,43,67,41,47
BOS,1970,786,5535,1450,252,28,203,594,40,47,34,50,48
BOS,1971,691,5401,1360,246,28,161,552,32,47,75,51,34
BOS,1972,640,5208,1289,229,34,124,522,37,48,56,66,30
BOS,1973,738,5513,1472,235,30,147,581,31,44,54,114,45
BOS,1974,696,5499,1449,236,31,109,569,33,49,64,104,58
BOS,1975,796,5448,1500,284,44,134,565,34,53,75,66,58
BOS,1976,716,5511,1448,257,53,134,500,29,59,55,95,70
BOS,1977,859,5510,1551,258,56,213,528,42,59,45,66,47
BOS,1978,796,5587,1493,270,46,172,582,24,58,65,74,51
BOS,1979,841,5538,1567,310,34,194,512,33,59,42,60,43
BOS,1980,757,5603,1588,297,36,162,475,32,50,40,79,48
BOS,1982,753,5596,1536,271,31,136,547,28,38,53,42,39
BOS,1983,724,5590,1512,287,32,142,536,28,48,49,30,26
BOS,1984,810,5648,1598,259,45,181,500,20,46,36,38,25
BOS,1985,800,5720,1615,292,31,162,562,30,57,50,66,27
BOS,1986,794,5498,1488,320,21,144,595,66,52,44,41,34
BOS,1987,842,5586,1554,273,26,174,606,57,58,52,77,45
BOS,1988,813,5545,1569,310,39,124,623,45,55,66,65,36
BOS,1989,774,5666,1571,326,30,108,643,36,58,52,56,35
BOS,1990,699,5516,1502,298,31,106,598,28,44,48,53,52
BOS,1991,731,5530,1486,305,25,126,593,32,51,50,59,39
BOS,1992,599,5461,1343,259,21,84,591,31,43,60,44,48
BOS,1993,686,5496,1451,319,29,114,508,62,49,80,73,38
BOS,1995,791,4997,1399,286,31,175,560,65,49,45,99,44
BOS,1996,928,5756,1631,308,31,209,642,67,47,33,91,44
BOS,1997,851,5781,1684,373,32,185,514,59,55,21,68,48
BOS,1998,876,5601,1568,338,35,205,541,70,52,35,72,39
BOS,1999,836,5579,1551,334,42,176,597,55,56,34,67,39
BOS,2000,792,5630,1503,316,32,167,611,42,48,40,43,30
BOS,2001,772,5605,1493,316,29,198,520,70,41,28,46,35
BOS,2002,859,5640,1560,348,33,177,545,72,53,22,80,28
BOS,2003,961,5769,1667,371,40,238,620,53,64,24,88,35
BOS,2004,949,5720,1613,373,25,222,659,69,55,12,68,30
BOS,2005,910,5626,1579,339,21,199,653,47,63,14,45,12
BOS,2006,820,5619,1510,327,16,192,672,66,56,22,51,23
BOS,2007,867,5589,1561,352,35,166,689,64,54,30,96,24
BOS,2008,845,5596,1565,353,33,173,646,70,62,28,120,35
BOS,2009,872,5543,1495,335,25,212,659,70,51,19,126,39
BOS,2010,818,5646,1511,358,22,211,587,47,46,29,68,17
BOS,2011,875,5710,1600,352,35,203,578,50,50,22,102,42
BRO,1954,778,5251,1418,246,56,186,634,35,59,79,46,39
BRO,1955,857,5193,1406,230,44,201,674,41,54,75,79,56
BRO,1956,720,5098,1315,212,36,179,649,17,34,86,65,37
BRO,1957,690,5242,1325,188,38,147,550,33,41,78,60,34
CAL,1965,527,5354,1279,200,36,92,443,22,44,93,107,59
CAL,1966,604,5360,1244,179,54,122,525,38,46,69,80,54
CAL,1967,567,5307,1265,170,37,114,453,31,23,88,40,36
CAL,1968,498,5331,1209,170,33,83,447,52,37,75,62,50
CAL,1969,528,5316,1221,151,29,88,516,32,41,75,54,39
CAL,1970,631,5532,1391,197,40,114,447,29,37,69,69,27
CAL,1971,511,5495,1271,213,18,96,441,29,31,83,72,34
CAL,1972,454,5165,1249,171,26,78,358,25,25,66,57,37
CAL,1973,629,5505,1395,183,29,93,509,34,45,60,59,47
CAL,1974,618,5401,1372,203,31,95,509,45,48,82,119,79
CAL,1975,628,5377,1324,195,41,55,593,27,47,97,220,108
CAL,1976,550,5385,1265,210,23,63,534,42,48,92,126,80
CAL,1977,675,5410,1380,233,40,131,542,36,51,74,159,89
CAL,1978,691,5472,1417,226,28,108,539,67,56,72,86,69
CAL,1979,866,5550,1563,242,43,164,589,37,56,79,100,53
CAL,1980,698,5443,1442,236,32,106,539,32,49,71,91,63
CAL,1982,814,5532,1518,268,26,186,613,35,56,114,55,53
CAL,1983,722,5640,1467,241,22,154,509,31,46,68,41,39
CAL,1984,696,5470,1363,211,30,150,556,29,46,65,80,51
CAL,1985,732,5442,1364,215,31,153,648,39,35,99,106,51
CAL,1986,786,5433,1387,236,36,167,671,40,61,91,109,42
CAL,1987,770,5570,1406,257,26,172,590,35,36,70,125,44
CAL,1988,714,5582,1458,258,31,124,469,49,52,63,86,52
CAL,1989,669,5545,1422,208,37,145,429,28,46,54,89,40
CAL,1990,690,5570,1448,237,27,147,566,28,45,58,69,43
CAL,1991,653,5470,1396,245,29,115,448,38,31,63,94,56
CAL,1992,579,5364,1306,202,20,88,416,40,40,56,160,101
CAL,1993,684,5391,1399,259,24,114,564,38,46,50,169,100
CAL,1995,801,5019,1390,252,25,186,564,36,38,33,58,39
CAL,1996,762,5686,1571,256,24,192,527,29,33,45,53,39
CHA,1954,711,5168,1382,203,47,94,604,51,53,96,98,58
CHA,1955,725,5220,1401,204,36,116,568,58,43,111,69,45
CHA,1956,776,5286,1412,218,43,128,619,75,56,86,70,33
CHA,1957,707,5265,1369,208,41,106,632,68,42,75,109,51
CHA,1958,634,5249,1348,191,42,101,518,49,47,72,101,33
CHA,1959,669,5297,1325,220,46,97,580,49,44,84,113,53
CHA,1960,741,5191,1402,242,38,112,567,54,59,95,122,48
CHA,1961,765,5556,1475,216,46,138,550,57,51,71,100,40
CHA,1962,707,5514,1415,250,56,92,620,41,40,82,76,40
CHA,1963,683,5508,1379,208,40,114,571,40,44,79,64,28
CHA,1964,642,5491,1356,184,40,106,562,52,45,96,75,39
CHA,1965,647,5509,1354,200,38,125,533,43,43,89,50,33
CHA,1966,574,5348,1235,193,40,87,476,44,44,109,153,78
CHA,1967,531,5383,1209,181,34,89,480,38,32,67,124,82
CHA,1968,463,5405,1233,169,33,71,397,40,33,90,90,50
CHA,1969,625,5450,1346,210,27,112,552,49,37,70,54,22
CHA,1970,633,5514,1394,192,20,123,477,42,48,51,53,33
CHA,1971,617,5382,1346,185,30,138,562,51,38,81,83,65
CHA,1972,566,5083,1208,170,28,108,511,34,25,68,100,52
CHA,1973,652,5475,1400,228,38,111,537,32,42,49,83,73
CHA,1974,684,5577,1492,225,23,135,519,26,43,70,64,53
CHA,1975,655,5490,1400,209,38,94,611,40,52,50,101,54
CHA,1976,586,5532,1410,209,46,73,471,34,55,79,120,53
CHA,1977,844,5633,1568,254,52,192,559,34,63,33,42,44
CHA,1978,634,5393,1423,221,41,106,409,33,57,63,83,68
CHA,1979,730,5463,1505,290,33,127,454,36,45,58,97,62
CHA,1980,587,5444,1408,255,38,91,399,39,51,67,68,54
CHA,1982,786,5575,1523,266,52,136,533,30,50,54,136,58
CHA,1983,800,5484,1439,270,42,157,527,43,56,53,165,50
CHA,1984,679,5513,1360,225,38,172,523,39,44,37,109,49
CHA,1985,736,5470,1386,247,37,146,471,43,45,59,108,56
CHA,1986,644,5406,1335,197,34,121,487,34,53,50,115,54
CHA,1987,748,5538,1427,283,36,173,487,33,52,54,138,52
CHA,1988,631,5449,1327,224,35,132,446,34,43,67,98,46
CHA,1989,693,5504,1493,262,36,94,464,28,51,85,97,52
CHA,1990,682,5402,1393,251,44,106,478,36,47,75,140,90
CHA,1991,758,5594,1464,226,39,139,610,37,41,76,134,74
CHA,1992,738,5498,1434,269,36,110,622,31,69,47,160,57
CHA,1993,776,5483,1454,228,44,162,604,33,61,72,106,57
CHA,1995,755,5060,1417,252,37,146,576,32,56,46,110,39
CHA,1996,898,5644,1586,284,33,195,701,34,62,56,105,41
CHA,1997,779,5491,1498,260,28,158,569,33,60,47,106,52
CHA,1998,861,5585,1516,291,38,198,551,47,59,38,127,46
CHA,1999,777,5644,1563,298,37,162,499,34,45,40,110,50
CHA,2000,978,5646,1615,325,33,216,591,53,61,55,119,42
CHA,2001,798,5464,1463,300,29,214,520,52,51,63,123,59
CHA,2002,856,5502,1475,289,29,217,555,49,53,48,75,31
CHA,2003,791,5487,1445,303,19,220,519,58,41,43,77,29
CHA,2004,865,5534,1481,284,19,242,499,63,42,58,78,51
CHA,2005,741,5529,1450,253,23,200,435,79,49,53,137,67
CHA,2006,868,5657,1586,291,20,236,502,58,57,44,93,48
CHA,2007,693,5441,1341,249,20,190,532,52,35,41,78,45
CHA,2008,811,5553,1458,296,13,235,540,63,47,28,67,34
CHA,2009,724,5463,1410,246,20,184,534,62,39,34,113,49
CHA,2010,752,5484,1467,263,21,177,467,79,38,50,160,74
CHA,2011,654,5502,1387,252,16,154,475,84,46,52,81,53
CHN,1954,700,5359,1412,229,45,159,478,32,40,56,46,31
CHN,1955,626,5214,1287,187,55,164,428,22,33,69,37,35
CHN,1956,597,5260,1281,202,50,142,446,13,46,87,55,38
CHN,1957,628,5369,1312,223,31,147,461,26,33,58,28,25
CHN,1958,709,5289,1402,207,49,182,487,45,39,42,39,23
CHN,1959,673,5296,1321,209,44,163,498,43,40,62,32,19
CHN,1960,634,5311,1293,213,48,119,531,19,35,64,51,34
CHN,1961,689,5344,1364,238,51,176,539,32,33,52,35,25
CHN,1962,632,5534,1398,196,56,126,504,39,42,54,78,50
CHN,1963,570,5404,1286,205,44,127,439,36,44,64,68,60
CHN,1964,649,5545,1391,239,50,145,499,25,33,55,70,49
CHN,1965,635,5540,1316,202,33,134,532,43,42,48,65,47
CHN,1966,644,5592,1418,203,43,140,457,47,37,80,76,47
CHN,1967,702,5463,1373,211,49,128,509,34,49,93,63,50
CHN,1968,612,5458,1319,203,43,130,415,36,37,74,41,30
CHN,1969,720,5530,1400,215,40,142,559,36,46,72,30,32
CHN,1970,806,5491,1424,228,44,179,607,20,36,75,39,16
CHN,1971,637,5438,1401,202,34,128,527,34,40,92,44,32
CHN,1972,685,5247,1346,206,40,133,565,28,43,67,69,47
CHN,1973,614,5363,1322,201,21,117,575,20,37,75,65,58
CHN,1974,669,5574,1397,221,42,110,621,29,40,80,78,73
CHN,1975,712,5470,1419,229,41,95,650,30,66,107,67,55
CHN,1976,611,5519,1386,216,24,105,490,30,41,75,74,74
CHN,1977,692,5604,1489,271,37,111,534,27,52,69,64,45
CHN,1978,664,5532,1461,224,48,72,562,21,59,84,110,58
CHN,1979,706,5550,1494,250,43,135,478,35,42,77,73,52
CHN,1980,614,5619,1411,251,35,107,471,18,40,69,93,64
CHN,1982,676,5531,1436,239,46,102,460,25,49,76,132,70
CHN,1983,701,5512,1436,272,42,140,470,29,50,71,84,40
CHN,1984,762,5437,1415,240,47,136,567,29,51,59,154,66
CHN,1985,686,5492,1397,239,28,150,562,18,39,66,182,49
CHN,1986,680,5499,1409,258,27,155,508,15,51,54,132,62
CHN,1987,720,5583,1475,244,33,209,504,21,30,59,109,48
CHN,1988,660,5675,1481,262,46,113,403,21,46,57,120,46
CHN,1989,702,5513,1438,235,45,124,472,26,50,80,136,57
CHN,1990,690,5600,1474,240,36,136,406,30,51,61,151,50
CHN,1991,695,5522,1395,232,26,159,442,36,55,75,123,64
CHN,1992,593,5590,1420,221,41,104,417,31,40,78,77,51
CHN,1993,738,5627,1521,259,32,161,446,34,42,67,100,43
CHN,1995,693,4963,1315,267,39,158,440,34,35,71,105,37
CHN,1996,772,5531,1388,267,19,175,523,61,48,66,108,50
CHN,1997,687,5489,1444,269,39,127,451,34,38,83,116,60
CHN,1998,831,5649,1494,250,34,212,601,39,37,67,65,44
CHN,1999,747,5482,1411,255,35,189,571,39,44,65,60,44
CHN,2000,764,5577,1426,272,23,183,632,54,45,89,93,37
CHN,2001,777,5406,1409,268,32,194,577,66,53,117,67,36
CHN,2002,706,5496,1351,259,29,200,585,44,39,78,63,21
CHN,2003,724,5519,1431,302,24,172,492,50,46,80,73,31
CHN,2004,789,5628,1508,308,29,235,489,38,48,78,66,28
CHN,2005,703,5584,1506,323,23,194,419,50,37,69,65,39
CHN,2006,716,5587,1496,271,46,166,395,43,37,84,121,49
CHN,2007,752,5643,1530,340,28,151,500,40,37,48,86,33
CHN,2008,855,5588,1552,329,21,184,636,50,45,65,87,34
CHN,2009,707,5486,1398,293,29,161,592,59,42,65,56,34
CHN,2010,685,5512,1414,298,27,149,479,50,38,60,55,31
CHN,2011,654,5549,1423,285,36,148,425,59,35,60,69,23
CIN,1954,729,5234,1369,221,46,147,557,29,51,101,47,30
CIN,1955,761,5270,1424,216,28,181,556,33,43,76,51,36
CIN,1956,775,5291,1406,201,32,221,528,51,43,90,45,22
CIN,1957,747,5389,1452,251,33,187,546,37,48,84,51,36
CIN,1958,695,5273,1359,242,40,123,572,21,38,76,61,38
CIN,1959,764,5288,1448,258,34,161,499,32,50,53,65,28
CIN,1960,640,5289,1324,230,40,140,512,34,45,60,73,37
CIN,1961,710,5243,1414,247,35,158,423,29,51,50,70,33
CIN,1962,802,5645,1523,252,40,167,498,41,32,57,66,39
CIN,1963,648,5416,1333,225,44,122,474,47,41,62,92,58
CIN,1964,660,5561,1383,220,38,130,457,33,37,65,90,36
CIN,1965,825,5658,1544,268,61,183,538,50,36,73,82,40
CIN,1966,692,5521,1434,232,33,149,394,20,39,69,70,50
CIN,1967,604,5519,1366,251,54,109,372,31,34,56,92,63
CIN,1968,690,5767,1573,281,36,106,379,37,39,64,59,55
CIN,1969,798,5634,1558,224,42,171,474,46,47,100,79,56
CIN,1970,775,5540,1498,253,45,191,547,29,48,58,115,52
CIN,1971,586,5414,1306,203,28,138,438,27,25,69,59,33
CIN,1972,707,5241,1317,214,44,124,606,37,54,65,140,63
CIN,1973,741,5505,1398,232,34,137,639,31,51,78,148,55
CIN,1974,776,5535,1437,271,35,135,693,30,46,68,146,49
CIN,1975,840,5581,1515,278,37,124,691,35,45,66,168,36
CIN,1976,857,5702,1599,271,63,141,681,28,60,67,210,57
CIN,1977,802,5524,1513,269,42,181,600,25,50,62,170,64
CIN,1978,710,5392,1378,270,32,136,636,26,54,84,137,58
CIN,1979,731,5477,1445,266,31,132,614,19,46,62,99,47
CIN,1980,707,5516,1445,256,45,113,537,23,54,78,156,43
CIN,1982,545,5479,1375,228,34,82,470,21,41,88,131,69
CIN,1983,623,5333,1274,236,35,107,588,19,45,72,154,77
CIN,1984,627,5498,1342,238,30,106,566,12,53,71,160,63
CIN,1985,677,5431,1385,249,34,114,576,23,41,72,159,70
CIN,1986,732,5536,1404,237,35,144,586,18,41,65,177,53
CIN,1987,783,5560,1478,262,29,192,514,31,34,57,169,46
CIN,1988,641,5426,1334,246,25,122,479,37,51,69,207,56
CIN,1989,632,5520,1362,243,28,128,493,30,49,66,128,71
CIN,1990,693,5525,1466,284,40,125,466,42,42,88,166,66
CIN,1991,689,5501,1419,250,27,164,488,32,41,72,124,56
CIN,1992,660,5460,1418,281,44,99,563,21,52,66,125,65
CIN,1993,722,5517,1457,261,28,137,485,32,66,63,142,59
CIN,1995,747,4903,1326,277,35,161,519,40,50,62,190,68
CIN,1996,778,5455,1398,259,36,191,604,34,49,71,171,63
CIN,1997,651,5484,1386,269,27,142,518,45,30,75,190,67
CIN,1998,750,5496,1441,298,28,138,608,37,49,78,95,42
CIN,1999,865,5649,1536,312,37,209,569,45,44,70,164,54
CIN,2000,825,5635,1545,302,36,200,559,64,58,56,100,38
CIN,2001,735,5583,1464,304,22,176,468,65,40,66,103,54
CIN,2002,709,5470,1386,297,21,169,583,66,40,95,116,52
CIN,2003,694,5509,1349,239,21,182,524,79,32,66,80,34
CIN,2004,750,5518,1380,287,28,194,599,81,25,55,77,25
CIN,2005,820,5565,1453,335,15,222,611,62,39,43,72,23
CIN,2006,749,5515,1419,291,12,217,614,59,38,66,124,33
CIN,2007,783,5607,1496,293,23,204,536,66,46,73,97,31
CIN,2008,704,5475,1351,269,24,187,560,50,41,72,85,47
CIN,2009,673,5462,1349,280,25,158,531,53,41,100,96,40
CIN,2010,790,5579,1515,293,30,188,522,68,50,66,93,43
CIN,2011,735,5612,1438,264,19,183,535,63,40,78,97,50
CLE,1954,746,5222,1368,188,39,156,637,23,59,107,30,33
CLE,1955,698,5146,1325,195,31,148,723,35,59,87,28,24
CLE,1956,712,5148,1256,199,23,153,681,40,38,81,40,32
CLE,1957,682,5171,1304,199,26,140,589,26,53,78,40,47
CLE,1958,694,5201,1340,210,31,161,494,40,36,69,50,49
CLE,1959,745,5288,1390,216,25,167,433,39,40,60,33,36
CLE,1960,667,5296,1415,218,20,127,444,32,52,97,58,25
CLE,1961,737,5609,1493,257,39,150,492,28,50,73,34,11
CLE,1962,682,5484,1341,202,22,180,502,54,45,52,35,16
CLE,1963,635,5496,1314,214,29,169,469,40,43,88,59,36
CLE,1964,689,5603,1386,208,22,164,500,49,42,63,79,51
CLE,1965,663,5469,1367,198,21,156,506,33,40,90,109,46
CLE,1966,574,5474,1300,156,25,155,450,27,33,56,53,41
CLE,1967,559,5461,1282,213,35,131,413,50,28,85,53,65
CLE,1968,516,5416,1266,210,36,75,427,39,37,69,115,61
CLE,1969,573,5365,1272,173,24,119,535,24,43,47,85,37
CLE,1970,649,5463,1358,197,23,183,503,37,45,76,25,36
CLE,1971,543,5467,1303,200,20,109,467,31,29,67,57,37
CLE,1972,472,5207,1220,187,18,91,420,26,33,83,49,53
CLE,1973,680,5592,1429,205,29,158,471,32,43,40,60,68
CLE,1974,662,5474,1395,201,19,131,432,26,31,56,79,68
CLE,1975,688,5404,1409,201,25,153,525,24,40,64,106,89
CLE,1976,615,5412,1423,189,38,85,479,11,60,67,75,69
CLE,1977,676,5491,1476,221,46,100,531,34,54,94,87,87
CLE,1978,639,5365,1400,223,45,106,488,26,40,92,64,63
CLE,1979,760,5376,1388,206,29,138,657,42,60,70,143,90
CLE,1980,738,5470,1517,221,40,89,617,37,74,60,118,58
CLE,1982,683,5559,1458,225,32,109,651,35,40,74,151,68
CLE,1983,704,5476,1451,249,31,86,605,29,64,48,109,71
CLE,1984,761,5643,1498,222,39,123,600,27,67,37,126,77
CLE,1985,729,5527,1465,254,31,116,492,15,48,38,132,72
CLE,1986,831,5702,1620,270,45,157,456,24,49,56,141,54
CLE,1987,742,5606,1476,267,30,187,489,31,42,44,140,54
CLE,1988,666,5505,1435,235,28,134,416,37,51,36,97,50
CLE,1989,604,5463,1340,221,26,127,499,35,41,72,74,51
CLE,1990,732,5485,1465,266,41,110,458,29,61,54,107,52
CLE,1991,576,5470,1390,236,26,79,449,43,46,62,84,58
CLE,1992,674,5620,1495,227,24,127,448,45,44,42,144,67
CLE,1993,790,5619,1547,264,31,141,488,49,72,39,159,55
CLE,1995,840,5028,1461,279,23,207,542,35,48,31,132,53
CLE,1996,952,5681,1665,335,23,218,671,43,57,34,160,50
CLE,1997,868,5556,1589,301,22,220,617,37,49,45,118,59
CLE,1998,850,5616,1530,334,30,198,630,41,59,30,143,60
CLE,1999,1009,5634,1629,309,32,209,743,55,67,54,147,50
CLE,2000,950,5683,1639,310,30,221,685,51,52,41,113,34
CLE,2001,897,5600,1559,294,37,212,577,69,62,49,79,41
CLE,2002,739,5423,1349,255,26,192,542,56,39,39,52,37
CLE,2003,699,5572,1413,296,26,158,466,62,41,46,86,61
CLE,2004,858,5676,1565,345,29,184,606,78,42,47,94,55
CLE,2005,790,5609,1522,337,30,207,503,54,50,39,62,36
CLE,2006,870,5619,1576,351,27,196,556,54,43,30,55,23
CLE,2007,811,5604,1504,305,27,178,590,80,59,32,72,41
CLE,2008,805,5543,1455,339,22,171,560,103,49,43,77,29
CLE,2009,773,5568,1468,314,28,161,582,81,50,39,84,31
CLE,2010,646,5487,1362,290,20,128,545,64,33,36,91,33
CLE,2011,704,5509,1380,290,26,154,494,65,43,31,89,42
COL,1993,758,5517,1507,278,59,142,388,46,52,70,146,90
COL,1995,785,4994,1406,259,43,200,484,56,31,82,125,59
COL,1996,961,5590,1607,297,37,221,527,82,52,81,201,66
COL,1997,923,5603,1611,269,40,239,562,63,35,73,137,65
COL,1998,826,5632,1640,333,36,183,469,37,41,98,67,47
COL,1999,906,5716,1644,305,39,223,508,43,46,55,70,43
COL,2000,968,5660,1664,320,53,161,601,42,75,75,131,61
COL,2001,923,5690,1663,324,61,213,511,61,50,81,132,54
COL,2002,778,5512,1508,283,41,152,497,56,50,49,103,53
COL,2003,853,5518,1472,330,31,198,619,52,38,55,63,37
COL,2004,833,5577,1531,331,34,202,568,54,37,97,44,33
COL,2005,740,5542,1477,280,34,150,509,64,34,88,65,32
COL,2006,813,5562,1504,325,54,157,561,60,45,119,85,50
COL,2007,860,5691,1591,313,36,171,622,58,44,83,100,31
COL,2008,747,5557,1462,310,28,160,570,57,38,90,141,37
COL,2009,804,5398,1408,300,50,190,660,47,60,76,106,55
COL,2010,770,5530,1452,270,54,173,585,47,47,56,99,42
COL,2011,735,5544,1429,274,40,163,555,57,44,75,118,42
DET,1954,584,5233,1351,215,41,90,492,19,41,80,48,44
DET,1955,775,5283,1407,211,38,130,638,21,57,71,41,22
DET,1956,789,5364,1494,209,50,150,643,28,50,58,43,26
DET,1957,614,5348,1376,224,37,116,503,27,30,96,36,47
DET,1958,659,5194,1384,229,41,109,463,22,51,75,48,32
DET,1959,713,5211,1346,196,30,160,580,44,40,73,34,17
DET,1960,633,5202,1243,188,34,150,636,33,34,85,66,32
DET,1961,841,5561,1481,215,53,180,673,38,42,64,98,36
DET,1962,758,5456,1352,191,36,209,651,33,38,56,69,21
DET,1963,700,5500,1388,195,36,148,592,38,48,64,73,32
DET,1964,699,5513,1394,199,57,157,517,40,42,71,60,27
DET,1965,680,5368,1278,190,27,162,554,37,36,69,57,41
DET,1966,719,5507,1383,224,45,179,551,33,37,67,41,34
DET,1967,683,5410,1315,192,36,152,626,51,35,78,37,21
DET,1968,671,5490,1292,190,39,185,521,61,34,73,26,32
DET,1969,701,5441,1316,188,29,182,578,30,43,63,35,28
DET,1970,666,5377,1282,207,38,148,656,34,49,83,29,30
DET,1971,701,5502,1399,214,38,179,540,55,37,62,35,43
DET,1972,558,5099,1206,179,32,122,483,31,34,74,17,21
DET,1973,642,5508,1400,213,32,157,509,39,31,48,28,30
DET,1974,620,5568,1375,200,35,131,436,24,37,41,67,38
DET,1975,570,5366,1338,171,39,125,383,28,38,37,63,57
DET,1976,609,5441,1401,207,38,101,450,31,50,46,107,59
DET,1977,714,5604,1480,228,45,166,452,20,56,45,60,46
DET,1978,714,5601,1520,218,34,129,563,31,47,57,90,38
DET,1979,770,5375,1446,221,35,164,575,22,52,56,176,86
DET,1980,830,5648,1543,232,53,143,645,33,55,63,75,68
DET,1982,729,5590,1489,237,40,177,470,26,39,41,93,66
DET,1983,789,5592,1530,283,53,156,508,39,59,48,93,53
DET,1984,829,5644,1529,254,46,187,602,34,45,48,106,68
DET,1985,729,5575,1413,254,45,202,526,27,53,40,75,41
DET,1986,798,5512,1447,234,30,198,613,43,49,52,138,58
DET,1987,896,5649,1535,274,32,225,653,46,56,39,106,50
DET,1988,703,5433,1358,213,28,143,588,29,37,66,87,42
DET,1989,617,5432,1315,198,24,116,585,37,43,35,103,50
DET,1990,750,5479,1418,241,32,172,634,34,41,36,82,57
DET,1991,817,5547,1372,259,26,209,699,31,44,38,109,47
DET,1992,791,5515,1411,256,16,182,675,24,53,43,66,45
DET,1993,899,5620,1546,282,38,178,765,35,52,33,104,63
DET,1995,654,4865,1204,228,29,159,551,41,43,35,73,36
DET,1996,783,5530,1413,257,21,204,546,29,49,48,87,50
DET,1997,784,5481,1415,268,32,176,578,49,47,34,161,72
DET,1998,722,5664,1494,306,29,165,455,62,45,16,122,62
DET,1999,747,5481,1433,289,34,212,458,82,39,35,108,70
DET,2000,823,5644,1553,307,41,177,562,43,49,42,83,38
DET,2001,724,5537,1439,291,60,139,466,51,49,41,133,61
DET,2002,575,5406,1340,265,37,124,363,64,57,30,65,44
DET,2003,591,5466,1312,201,39,153,443,47,49,65,98,63
DET,2004,827,5623,1531,284,54,201,518,50,43,50,86,50
DET,2005,723,5602,1521,283,45,168,384,53,52,44,66,28
DET,2006,822,5642,1548,294,40,203,430,45,36,45,60,40
DET,2007,887,5757,1652,352,50,177,474,56,45,31,103,30
DET,2008,821,5641,1529,293,41,200,572,44,44,30,63,31
DET,2009,743,5540,1443,245,35,183,540,61,39,53,72,33
DET,2010,751,5643,1515,308,32,152,546,41,41,41,69,30
DET,2011,787,5563,1540,297,34,169,521,39,58,50,49,20
FLO,1993,581,5475,1356,197,31,94,498,51,43,58,117,56
FLO,1995,673,4886,1278,214,29,144,517,49,48,69,131,53
FLO,1996,688,5498,1413,240,30,150,553,55,45,41,99,46
FLO,1997,740,5439,1410,272,28,136,686,61,42,71,115,58
FLO,1998,667,5558,1381,277,36,114,525,45,29,70,115,57
FLO,1999,691,5578,1465,266,44,128,479,59,56,44,92,46
FLO,2000,731,5509,1441,274,29,160,540,60,51,42,168,55
FLO,2001,742,5542,1461,325,30,166,470,67,45,60,89,40
FLO,2002,699,5496,1433,280,32,146,595,61,49,59,177,73
FLO,2003,751,5490,1459,292,44,157,515,57,41,82,150,74
FLO,2004,718,5486,1447,275,32,148,499,58,40,77,96,43
FLO,2005,717,5502,1499,306,32,128,512,67,50,82,96,38
FLO,2006,758,5502,1454,309,42,182,497,74,42,76,110,58
FLO,2007,790,5627,1504,340,38,201,521,82,42,72,105,34
FLO,2008,770,5499,1397,302,28,208,543,69,46,49,76,28
FLO,2009,772,5572,1493,296,25,159,568,63,39,70,75,35
FLO,2010,719,5531,1403,294,37,152,514,55,43,51,92,26
FLO,2011,625,5508,1358,274,30,149,542,51,42,89,95,41
HOU,1962,592,5558,1370,170,47,105,493,38,34,75,42,30
HOU,1963,464,5384,1184,170,39,62,456,30,27,86,39,30
HOU,1964,495,5303,1214,162,41,70,381,49,39,87,40,48
HOU,1965,569,5483,1299,188,42,97,502,46,34,57,90,37
HOU,1966,612,5511,1405,203,35,112,491,34,37,97,90,47
HOU,1967,626,5506,1372,259,46,93,537,26,43,65,88,38
HOU,1968,510,5336,1233,205,28,66,479,48,34,97,44,51
HOU,1969,676,5348,1284,208,40,104,699,41,40,68,101,58
HOU,1970,744,5574,1446,250,47,129,598,27,43,63,114,41
HOU,1971,585,5492,1319,230,52,71,478,29,41,65,101,51
HOU,1972,708,5267,1359,233,38,134,524,32,51,62,111,56
HOU,1973,681,5532,1391,216,35,134,469,33,36,83,92,48
HOU,1974,653,5489,1441,222,41,110,471,29,48,83,108,65
HOU,1975,664,5515,1401,218,54,84,523,32,44,97,133,62
HOU,1976,625,5464,1401,195,50,66,530,21,39,57,150,57
HOU,1977,680,5530,1405,263,60,114,515,40,39,76,187,72
HOU,1978,605,5458,1408,231,45,70,434,22,44,76,178,59
HOU,1979,583,5394,1382,224,52,49,461,22,43,109,190,95
HOU,1980,637,5566,1455,231,67,75,540,13,45,89,194,74
HOU,1982,569,5440,1342,236,48,74,435,19,46,68,140,61
HOU,1983,643,5502,1412,239,60,97,517,19,54,81,164,95
HOU,1984,693,5548,1465,222,67,79,494,17,55,87,105,61
HOU,1985,706,5582,1457,261,42,121,477,23,44,66,96,56
HOU,1986,654,5441,1388,244,32,125,536,24,41,53,163,75
HOU,1987,648,5485,1386,238,28,122,526,24,50,58,162,46
HOU,1988,617,5494,1338,239,31,96,474,38,44,77,198,71
HOU,1989,647,5516,1316,239,28,97,530,27,44,83,144,62
HOU,1990,573,5379,1301,209,32,94,548,28,41,79,179,83
HOU,1991,605,5504,1345,240,43,79,502,35,43,63,125,68
HOU,1992,608,5480,1350,255,38,96,506,48,40,88,139,54
HOU,1993,716,5464,1459,288,37,138,497,40,47,82,103,60
HOU,1995,747,5097,1403,260,22,109,566,69,47,78,176,60
HOU,1996,753,5508,1445,297,29,129,554,84,55,68,180,63
HOU,1997,777,5502,1427,314,40,133,633,100,53,74,171,74
HOU,1998,874,5641,1578,326,28,166,621,72,49,58,155,51
HOU,1999,823,5485,1463,293,23,168,728,52,58,79,166,75
HOU,2000,938,5570,1547,289,36,249,673,83,61,57,114,52
HOU,2001,847,5528,1500,313,29,208,581,89,56,71,64,49
HOU,2002,749,5503,1441,291,32,167,589,59,37,64,71,27
HOU,2003,805,5583,1466,308,30,191,557,81,38,61,66,30
HOU,2004,803,5468,1458,294,36,187,590,61,52,98,89,30
HOU,2005,693,5462,1400,281,32,161,481,72,42,82,115,44
HOU,2006,735,5521,1407,275,27,174,585,73,46,100,79,36
HOU,2007,723,5605,1457,293,30,167,547,55,40,77,65,33
HOU,2008,712,5451,1432,284,22,167,449,52,41,57,114,52
HOU,2009,643,5436,1415,270,32,142,448,43,45,66,113,44
HOU,2010,611,5452,1348,252,25,108,415,33,29,75,100,36
HOU,2011,615,5598,1442,309,28,95,401,46,37,66,118,33
KC1,1955,638,5335,1395,189,46,121,462,26,34,58,22,36
KC1,1956,619,5256,1325,204,41,112,479,20,37,67,40,30
KC1,1957,563,5170,1262,195,40,166,363,24,36,62,35,27
KC1,1958,642,5261,1297,196,50,138,452,25,43,64,22,36
KC1,1959,681,5264,1383,231,43,117,481,33,38,69,34,24
KC1,1960,615,5226,1303,212,34,110,513,12,32,75,16,11
KC1,1961,683,5423,1342,216,47,90,580,25,47,89,58,22
KC1,1962,745,5576,1467,220,58,116,556,42,50,78,76,21
KC1,1963,615,5495,1356,225,38,95,529,25,46,77,47,26
KC1,1964,621,5524,1321,216,29,166,548,42,25,53,34,20
KC1,1965,585,5393,1294,186,59,110,521,35,35,74,110,51
KC1,1966,564,5328,1259,212,56,70,421,26,27,71,132,50
KC1,1967,533,5349,1244,212,50,69,452,42,36,59,132,59
KCA,1969,586,5462,1311,179,32,98,522,43,38,57,129,70
KCA,1970,611,5503,1341,202,41,97,514,21,27,63,97,53
KCA,1971,603,5295,1323,225,40,80,490,25,59,45,130,46
KCA,1972,580,5167,1317,220,26,78,534,34,38,72,85,44
KCA,1973,755,5508,1440,239,40,114,644,26,47,49,105,69
KCA,1974,667,5582,1448,232,42,89,550,32,43,56,146,76
KCA,1975,710,5491,1431,263,58,118,591,29,51,68,155,75
KCA,1976,713,5540,1490,259,57,65,484,31,71,71,218,106
KCA,1977,822,5594,1549,299,77,146,522,45,58,49,170,87
KCA,1978,743,5474,1469,305,59,98,498,30,72,55,216,84
KCA,1979,851,5653,1596,286,79,116,528,35,76,57,207,76
KCA,1980,809,5714,1633,266,59,115,508,38,63,34,185,43
KCA,1982,784,5629,1603,295,58,132,442,25,49,32,133,48
KCA,1983,696,5598,1515,273,54,109,397,23,33,32,182,47
KCA,1984,673,5543,1487,269,52,117,400,24,55,41,106,64
KCA,1985,687,5500,1384,261,49,154,473,36,41,44,128,48
KCA,1986,654,5561,1403,264,45,137,474,36,33,24,97,46
KCA,1987,715,5499,1443,239,40,168,523,30,42,34,125,43
KCA,1988,704,5469,1419,275,40,121,486,33,51,46,137,54
KCA,1989,690,5475,1428,227,41,101,554,29,50,42,154,51
KCA,1990,707,5488,1465,316,44,100,498,27,54,31,107,62
KCA,1991,727,5584,1475,290,41,117,523,35,47,53,119,68
KCA,1992,610,5501,1411,284,42,75,439,51,46,45,131,71
KCA,1993,675,5522,1455,294,35,125,428,52,51,48,100,75
KCA,1995,629,4903,1275,240,35,119,475,43,39,66,120,53
KCA,1996,746,5542,1477,286,38,123,529,43,49,66,195,85
KCA,1997,747,5599,1478,256,35,158,561,42,42,51,130,66
KCA,1998,714,5546,1459,274,40,134,475,60,65,45,135,50
KCA,1999,856,5624,1584,294,52,151,535,64,56,46,127,39
KCA,2000,879,5709,1644,281,27,150,511,48,70,56,121,35
KCA,2001,729,5643,1503,277,37,152,406,44,47,36,100,42
KCA,2002,737,5535,1415,285,42,140,524,52,51,44,140,65
KCA,2003,836,5568,1526,288,39,162,476,75,57,63,120,42
KCA,2004,720,5538,1432,261,29,150,461,76,38,40,67,48
KCA,2005,701,5503,1445,289,34,126,424,63,50,46,53,33
KCA,2006,757,5589,1515,335,37,124,474,64,48,52,65,34
KCA,2007,706,5534,1447,300,46,102,428,89,47,41,78,44
KCA,2008,691,5608,1507,303,28,120,392,50,36,32,79,38
KCA,2009,686,5532,1432,276,51,144,457,42,32,38,88,29
KCA,2010,676,5604,1534,279,31,121,471,35,53,45,115,50
KCA,2011,730,5672,1560,325,41,129,442,39,57,55,153,58
LAA,1961,744,5424,1331,218,22,189,681,30,37,80,37,28
LAA,1962,718,5499,1377,232,35,137,602,29,43,82,46,27
LAA,1963,597,5506,1378,208,38,95,448,43,46,84,43,30
LAA,1964,544,5362,1297,186,27,102,472,26,37,78,49,39
LAA,2005,761,5624,1520,278,30,147,447,29,39,43,161,57
LAA,2006,766,5609,1539,309,29,159,486,42,53,31,148,57
LAA,2007,822,5554,1578,324,23,123,507,40,65,32,139,55
LAA,2008,765,5540,1486,274,25,159,481,52,50,32,129,48
LAA,2009,883,5622,1604,293,33,173,547,41,52,43,148,63
LAA,2010,681,5488,1363,276,19,155,466,52,37,42,104,52
LAA,2011,667,5513,1394,289,34,155,442,51,32,50,135,52
LAN,1958,668,5173,1297,166,50,172,495,25,43,68,73,47
LAN,1959,705,5282,1360,196,46,148,591,28,32,100,84,51
LAN,1960,662,5227,1333,216,38,126,529,27,50,102,95,53
LAN,1961,735,5189,1358,193,40,157,596,23,36,96,86,45
LAN,1962,842,5628,1510,192,65,140,572,32,47,83,198,43
LAN,1963,640,5428,1361,178,34,110,453,26,53,85,124,70
LAN,1964,614,5499,1375,180,39,79,438,19,44,120,141,60
LAN,1965,608,5425,1329,193,32,78,492,52,35,103,172,77
LAN,1966,606,5471,1399,201,27,108,430,49,32,84,94,64
LAN,1967,519,5456,1285,203,38,82,485,43,35,91,56,47
LAN,1968,470,5354,1234,202,36,67,439,18,45,79,57,43
LAN,1969,645,5532,1405,185,52,97,484,21,33,96,80,51
LAN,1970,749,5606,1515,233,67,87,541,24,50,72,138,57
LAN,1971,663,5523,1469,213,38,95,489,21,50,72,76,40
LAN,1972,584,5270,1349,178,39,98,480,24,40,89,82,39
LAN,1973,675,5604,1473,219,29,110,497,28,57,81,109,50
LAN,1974,798,5557,1511,231,34,139,597,28,64,86,149,75
LAN,1975,648,5453,1355,217,31,118,611,31,47,104,138,52
LAN,1976,608,5472,1371,200,34,91,486,29,47,91,144,55
LAN,1977,769,5589,1484,223,28,191,588,23,44,83,114,62
LAN,1978,727,5437,1435,251,27,149,610,20,47,111,137,52
LAN,1979,739,5490,1443,220,24,183,556,23,36,83,106,46
LAN,1980,663,5568,1462,209,24,148,492,24,41,96,123,72
LAN,1982,691,5642,1487,222,32,138,528,30,55,106,151,56
LAN,1983,654,5440,1358,197,34,146,541,22,40,86,166,76
LAN,1984,580,5399,1316,213,23,102,488,14,48,92,109,69
LAN,1985,682,5502,1434,226,28,129,539,31,46,104,136,58
LAN,1986,638,5471,1373,232,14,130,478,32,39,81,155,67
LAN,1987,635,5517,1389,236,23,125,445,31,39,82,128,59
LAN,1988,628,5431,1346,217,25,99,437,32,50,95,131,46
LAN,1989,554,5465,1313,241,17,89,507,27,41,83,81,54
LAN,1990,728,5491,1436,222,27,129,538,31,48,71,141,65
LAN,1991,665,5408,1366,191,29,108,583,28,46,94,126,68
LAN,1992,548,5368,1333,201,34,72,503,24,40,102,142,78
LAN,1993,675,5588,1458,234,28,130,492,27,47,107,126,61
LAN,1995,634,4942,1303,191,31,140,468,30,35,68,127,45
LAN,1996,703,5538,1396,215,33,150,516,22,35,74,124,40
LAN,1997,742,5544,1488,242,33,174,498,33,36,105,131,64
LAN,1998,669,5459,1374,209,27,159,447,36,43,91,137,53
LAN,1999,793,5567,1480,253,23,187,594,52,51,74,167,68
LAN,2000,798,5481,1408,265,28,211,668,51,46,66,95,42
LAN,2001,758,5493,1399,264,27,206,519,56,44,57,89,42
LAN,2002,713,5554,1464,286,29,155,428,53,44,67,96,37
LAN,2003,574,5458,1328,260,25,124,407,72,28,71,80,36
LAN,2004,761,5542,1450,226,30,203,536,62,35,69,102,41
LAN,2005,685,5433,1374,284,21,149,541,67,33,57,58,35
LAN,2006,820,5628,1552,307,58,153,601,51,48,66,128,49
LAN,2007,735,5613,1544,276,35,129,511,41,55,58,137,50
LAN,2008,700,5506,1455,271,29,137,543,43,38,64,126,43
LAN,2009,780,5592,1511,278,39,145,607,63,44,78,116,48
LAN,2010,667,5426,1368,270,29,120,533,46,50,85,92,50
LAN,2011,644,5436,1395,237,28,117,498,45,43,71,126,40
MIL,1998,707,5541,1439,266,17,152,532,66,32,61,81,59
MIL,1999,815,5582,1524,299,30,165,658,55,51,87,81,33
MIL,2000,740,5563,1366,297,25,177,620,61,49,61,72,44
MIL,2001,740,5488,1378,273,30,209,488,72,35,65,66,36
MIL,2002,627,5415,1369,269,29,139,500,55,34,79,94,50
MIL,2003,714,5548,1423,266,24,196,547,71,40,62,99,39
MIL,2004,634,5483,1358,295,32,135,540,68,40,56,138,40
MIL,2005,726,5448,1413,327,19,175,531,73,38,66,79,34
MIL,2006,730,5433,1400,301,20,180,502,82,53,58,71,37
MIL,2007,801,5554,1455,310,37,231,501,76,47,60,96,32
MIL,2008,750,5535,1398,324,35,198,550,69,43,54,108,38
MIL,2009,785,5510,1447,281,37,182,610,71,47,58,68,37
MIL,2010,750,5606,1471,293,33,182,546,81,35,35,81,26
MIL,2011,721,5447,1422,276,31,185,481,56,44,85,94,31
MIN,1961,707,5417,1353,215,40,167,597,33,42,67,47,43
MIN,1962,798,5561,1445,215,39,185,649,31,50,71,33,20
MIN,1963,767,5531,1408,223,35,225,547,41,30,84,32,14
MIN,1964,737,5610,1413,227,46,221,553,44,37,74,46,22
MIN,1965,774,5488,1396,257,42,150,554,35,59,77,92,33
MIN,1966,663,5390,1341,219,33,144,513,39,44,49,67,42
MIN,1967,671,5458,1309,216,48,131,512,46,34,66,55,37
MIN,1968,562,5373,1274,207,41,105,445,49,38,69,98,54
MIN,1969,790,5677,1520,246,32,163,599,43,40,65,115,70
MIN,1970,744,5483,1438,230,41,153,501,42,38,79,57,52
MIN,1971,654,5414,1406,197,31,116,512,25,57,64,66,44
MIN,1972,537,5234,1277,182,31,93,478,35,28,73,53,41
MIN,1973,738,5625,1521,240,44,120,598,34,40,34,87,46
MIN,1974,673,5632,1530,190,37,111,520,46,40,64,74,45
MIN,1975,724,5514,1497,215,28,121,563,40,46,62,81,48
MIN,1976,743,5574,1526,222,51,81,550,41,49,93,146,75
MIN,1977,867,5639,1588,273,60,123,563,43,56,81,105,65
MIN,1978,666,5522,1472,259,47,82,604,33,55,109,99,56
MIN,1979,764,5544,1544,256,46,112,526,31,53,142,66,45
MIN,1980,670,5530,1468,252,46,99,436,21,51,92,62,46
MIN,1982,657,5544,1427,234,44,148,474,24,51,22,38,33
MIN,1983,709,5601,1463,280,41,141,467,29,45,29,44,29
MIN,1984,673,5562,1473,259,33,114,437,24,58,26,39,30
MIN,1985,705,5509,1453,282,41,141,502,31,47,39,68,44
MIN,1986,741,5531,1446,257,39,196,501,37,38,44,81,61
MIN,1987,786,5441,1422,258,35,196,523,38,39,47,113,65
MIN,1988,759,5510,1508,294,31,151,528,55,50,37,107,63
MIN,1989,740,5581,1542,278,35,117,478,39,58,51,111,53
MIN,1990,666,5499,1458,281,39,100,445,53,49,40,96,53
MIN,1991,776,5556,1557,270,42,140,526,40,49,44,107,68
MIN,1992,747,5582,1544,275,27,104,527,53,59,46,123,74
MIN,1993,693,5601,1480,261,27,121,493,51,37,27,83,59
MIN,1995,703,5005,1398,270,34,120,471,58,36,18,105,57
MIN,1996,877,5673,1633,332,47,118,576,65,63,20,143,53
MIN,1997,772,5634,1522,305,40,132,495,60,56,20,151,52
MIN,1998,734,5641,1499,285,32,115,506,45,52,18,112,54
MIN,1999,686,5495,1450,285,30,105,500,49,56,24,118,60
MIN,2000,748,5615,1516,325,49,116,556,35,51,24,90,45
MIN,2001,771,5560,1514,328,38,164,495,64,38,25,146,67
MIN,2002,768,5582,1518,348,36,167,472,56,52,34,79,62
MIN,2003,801,5655,1567,318,45,155,512,63,52,42,94,44
MIN,2004,780,5623,1494,310,24,191,513,64,40,46,116,46
MIN,2005,688,5564,1441,269,32,134,485,59,42,42,102,44
MIN,2006,801,5602,1608,275,34,143,490,50,55,31,101,42
MIN,2007,718,5522,1460,273,36,118,512,48,45,34,112,30
MIN,2008,829,5641,1572,298,49,111,529,36,72,52,102,42
MIN,2009,817,5608,1539,271,40,172,585,45,57,51,85,32
MIN,2010,781,5568,1521,318,41,142,559,39,53,38,68,28
MIN,2011,619,5487,1357,259,25,103,440,37,25,31,92,39
ML1,1954,670,5261,1395,217,41,139,471,35,44,110,54,31
ML1,1955,743,5277,1377,219,55,182,504,28,39,72,42,27
ML1,1956,709,5207,1350,212,54,177,486,20,42,142,29,20
ML1,1957,772,5458,1469,221,62,199,461,30,37,64,35,16
ML1,1958,675,5225,1388,221,21,167,478,36,41,79,26,8
ML1,1959,724,5388,1426,216,36,177,488,27,43,64,41,14
ML1,1960,724,5263,1393,198,48,170,463,23,60,59,69,37
ML1,1961,712,5288,1365,199,34,188,534,34,40,62,70,43
ML1,1962,730,5458,1376,204,38,181,581,34,35,47,57,27
ML1,1963,677,5518,1345,204,39,139,525,43,43,82,75,52
ML1,1964,803,5591,1522,274,32,159,486,38,37,54,53,41
ML1,1965,708,5542,1419,243,28,196,408,37,32,58,64,37
ML4,1970,613,5395,1305,202,24,126,592,36,32,115,91,73
ML4,1971,534,5185,1188,160,23,104,543,30,39,107,82,53
ML4,1972,493,5124,1204,167,22,88,472,29,30,78,64,57
ML4,1973,708,5526,1399,229,40,145,563,42,35,61,110,66
ML4,1974,647,5472,1335,228,49,120,500,27,35,56,106,75
ML4,1975,675,5378,1343,242,34,146,553,28,49,73,65,64
ML4,1976,570,5396,1326,170,38,88,511,23,48,78,62,61
ML4,1977,639,5517,1425,255,46,125,443,22,45,60,85,67
ML4,1978,804,5536,1530,265,38,173,520,32,50,89,95,53
ML4,1979,807,5536,1552,291,41,185,549,20,50,72,100,53
ML4,1980,811,5653,1555,298,36,203,455,25,51,58,131,56
ML4,1982,891,5733,1599,277,41,216,484,18,46,56,84,52
ML4,1983,764,5620,1556,281,57,132,475,27,57,61,101,49
ML4,1984,641,5511,1446,232,36,96,432,26,46,42,52,57
ML4,1985,690,5568,1467,250,44,101,462,19,55,54,69,34
ML4,1986,667,5461,1393,255,38,127,530,27,53,53,100,50
ML4,1987,862,5625,1552,272,46,163,598,32,50,63,176,74
ML4,1988,682,5488,1409,258,26,113,439,37,41,59,159,55
ML4,1989,707,5473,1415,235,32,126,455,50,54,51,165,62
ML4,1990,732,5503,1408,247,36,128,519,33,71,59,164,72
ML4,1991,799,5611,1523,247,53,116,556,23,66,52,106,68
ML4,1992,740,5504,1477,272,35,82,511,33,72,61,256,115
ML4,1993,733,5525,1426,240,25,125,555,40,45,57,138,93
ML4,1995,740,5000,1329,249,42,128,502,46,42,41,105,40
ML4,1996,894,5662,1578,304,40,178,624,53,50,45,101,48
ML4,1997,681,5444,1415,294,27,135,494,58,52,48,103,55
MON,1969,582,5419,1300,202,33,125,529,38,30,57,52,52
MON,1970,687,5411,1284,211,35,136,659,39,35,107,65,45
MON,1971,622,5335,1312,197,29,88,543,78,40,102,51,43
MON,1972,513,5156,1205,156,22,91,474,49,30,108,68,66
MON,1973,668,5369,1345,190,23,125,695,44,28,115,77,68
MON,1974,662,5343,1355,201,29,86,652,33,56,106,124,49
MON,1975,601,5518,1346,216,31,98,579,27,38,110,108,58
MON,1976,531,5428,1275,224,32,94,433,16,40,75,86,44
MON,1977,665,5675,1474,294,50,138,478,21,39,69,88,50
MON,1978,633,5530,1404,269,31,121,396,35,40,62,80,42
MON,1979,701,5465,1445,273,42,143,432,27,38,67,121,56
MON,1980,694,5465,1407,250,61,114,547,20,56,76,237,82
MON,1982,697,5557,1454,270,38,133,503,35,41,85,156,56
MON,1983,677,5611,1482,297,41,102,509,38,57,78,138,44
MON,1984,593,5439,1367,242,36,96,470,25,34,74,131,38
MON,1985,633,5429,1342,242,49,118,492,26,45,61,169,77
MON,1986,637,5508,1401,255,50,110,537,33,42,53,193,95
MON,1987,741,5527,1467,310,39,120,501,35,42,57,166,74
MON,1988,628,5573,1400,260,48,107,454,32,44,66,189,89
MON,1989,632,5482,1353,267,30,100,572,35,46,71,160,70
MON,1990,662,5453,1363,227,43,114,576,26,47,87,235,99
MON,1991,579,5412,1329,236,42,95,484,28,47,64,221,100
MON,1992,648,5477,1381,263,37,102,463,43,55,82,196,63
MON,1993,732,5493,1410,270,36,122,542,48,50,100,228,56
MON,1995,621,4905,1268,265,24,118,400,56,32,58,120,49
MON,1996,741,5505,1441,297,27,148,492,58,36,79,108,34
MON,1997,691,5526,1423,339,34,172,420,73,40,72,75,46
MON,1998,644,5418,1348,280,32,147,439,60,37,87,91,46
MON,1999,718,5559,1473,320,47,163,438,53,28,71,70,51
MON,2000,738,5535,1475,310,35,178,476,29,34,78,58,48
MON,2001,670,5379,1361,320,28,131,478,60,45,64,101,51
MON,2002,735,5479,1432,300,36,162,575,46,42,108,118,64
MON,2003,711,5437,1404,294,25,144,522,45,40,72,100,39
MON,2004,635,5474,1361,276,27,151,496,35,33,100,109,38
NY1,1954,732,5245,1386,194,42,186,522,33,52,84,30,23
NY1,1955,702,5288,1377,173,34,169,497,36,50,69,38,22
NY1,1956,540,5190,1268,192,45,145,402,21,37,59,67,34
NY1,1957,643,5346,1349,171,54,157,447,25,42,32,64,38
NYA,1954,805,5226,1400,215,59,133,650,20,47,84,34,41
NYA,1955,761,5161,1342,179,55,175,607,46,49,79,55,25
NYA,1956,857,5312,1433,193,55,190,615,30,36,82,51,37
NYA,1957,723,5271,1412,200,54,145,561,24,43,93,49,38
NYA,1958,759,5294,1418,212,39,164,537,26,42,72,48,32
NYA,1959,687,5379,1397,224,40,153,457,30,38,76,45,22
NYA,1960,746,5290,1377,215,40,193,537,28,45,81,37,23
NYA,1961,827,5559,1461,194,40,240,543,35,45,57,28,18
NYA,1962,817,5644,1509,240,29,199,584,32,54,79,42,29
NYA,1963,714,5506,1387,197,35,188,434,31,30,66,42,26
NYA,1964,730,5705,1442,208,35,162,520,31,34,68,54,18
NYA,1965,611,5470,1286,196,31,149,489,19,31,72,35,20
NYA,1966,611,5330,1254,182,36,162,485,21,42,58,49,29
NYA,1967,522,5443,1225,166,17,100,532,30,35,78,63,37
NYA,1968,536,5310,1137,154,34,109,566,30,30,56,90,50
NYA,1969,562,5308,1247,210,44,94,565,14,40,63,119,74
NYA,1970,680,5492,1381,208,41,111,588,25,46,60,105,61
NYA,1971,648,5413,1377,195,43,97,581,37,56,77,75,55
NYA,1972,557,5168,1288,201,24,103,491,29,31,74,71,42
NYA,1973,641,5492,1435,212,17,131,489,22,34,27,47,43
NYA,1974,671,5524,1451,220,30,101,515,21,72,49,53,35
NYA,1975,681,5415,1430,230,39,110,486,30,53,54,102,59
NYA,1976,730,5555,1496,231,36,120,470,35,46,50,163,65
NYA,1977,831,5605,1576,267,47,184,533,28,48,46,93,57
NYA,1978,735,5583,1489,228,38,125,505,42,52,37,98,42
NYA,1979,734,5421,1443,226,40,150,509,18,63,50,65,46
NYA,1980,820,5553,1484,239,34,189,643,28,54,51,86,36
NYA,1982,709,5526,1417,225,37,161,590,24,49,55,69,45
NYA,1983,770,5631,1535,269,40,153,533,37,41,37,84,42
NYA,1984,758,5661,1560,275,32,130,534,38,59,64,62,38
NYA,1985,839,5458,1458,272,31,176,620,50,60,48,155,53
NYA,1986,797,5570,1512,275,23,188,645,28,46,36,139,48
NYA,1987,788,5511,1445,239,16,196,604,28,38,38,105,43
NYA,1988,772,5592,1469,272,12,148,588,30,51,36,146,39
NYA,1989,698,5458,1470,229,23,130,502,27,49,58,137,60
NYA,1990,603,5483,1322,208,19,147,427,53,36,37,119,45
NYA,1991,674,5541,1418,249,19,147,473,39,50,37,109,36
NYA,1992,733,5593,1462,281,18,163,536,42,55,26,78,37
NYA,1993,821,5615,1568,294,24,178,629,43,50,22,39,35
NYA,1995,749,4947,1365,280,34,122,625,39,68,20,50,30
NYA,1996,871,5628,1621,293,28,162,632,41,72,41,96,46
NYA,1997,891,5710,1636,325,23,161,676,37,70,34,99,58
NYA,1998,965,5643,1625,290,31,207,653,57,59,32,153,63
NYA,1999,900,5568,1568,302,36,193,718,55,53,22,104,57
NYA,2000,871,5556,1541,294,25,205,631,57,50,16,99,48
NYA,2001,804,5577,1488,289,20,203,519,64,43,30,161,53
NYA,2002,897,5601,1540,314,12,223,640,72,41,23,100,38
NYA,2003,877,5605,1518,304,14,230,684,81,35,25,98,33
NYA,2004,897,5527,1483,281,20,242,670,80,50,37,84,33
NYA,2005,886,5624,1552,259,16,229,637,73,43,28,85,27
NYA,2006,930,5651,1608,327,21,210,649,72,49,34,139,35
NYA,2007,968,5717,1656,326,32,201,637,78,54,41,123,40
NYA,2008,789,5572,1512,289,20,180,535,80,39,31,118,39
NYA,2009,915,5660,1604,325,21,244,663,54,39,31,111,28
NYA,2010,859,5567,1485,275,32,201,662,73,44,33,103,30
NYA,2011,867,5518,1452,267,33,222,627,74,51,36,147,46
NYN,1962,617,5492,1318,166,40,139,616,32,44,58,59,48
NYN,1963,501,5336,1168,156,35,96,457,47,35,46,41,52
NYN,1964,569,5566,1372,195,31,103,353,48,26,52,36,31
NYN,1965,495,5441,1202,203,27,107,392,39,28,76,28,42
NYN,1966,587,5371,1286,187,35,98,446,42,29,63,55,46
NYN,1967,498,5417,1288,178,23,83,362,37,44,68,58,44
NYN,1968,473,5503,1252,178,30,81,379,43,27,75,72,45
NYN,1969,632,5427,1311,184,41,109,527,33,33,82,66,43
NYN,1970,695,5443,1358,211,42,120,684,26,48,74,118,54
NYN,1971,588,5477,1365,203,29,98,547,28,35,91,89,43
NYN,1972,528,5135,1154,175,31,105,589,34,39,86,41,41
NYN,1973,608,5457,1345,198,24,85,540,23,36,108,27,22
NYN,1974,572,5468,1286,183,22,96,597,29,45,87,43,23
NYN,1975,646,5587,1430,217,34,101,501,37,37,75,32,26
NYN,1976,615,5415,1334,198,34,102,561,28,33,92,66,58
NYN,1977,587,5410,1319,227,30,88,529,30,37,63,98,81
NYN,1978,607,5433,1332,227,47,86,549,24,55,71,100,77
NYN,1979,593,5591,1399,255,41,74,498,35,40,66,135,79
NYN,1980,611,5478,1407,218,41,61,501,25,53,73,158,99
NYN,1982,609,5510,1361,227,26,97,456,25,53,64,137,58
NYN,1983,575,5444,1314,172,26,112,436,31,32,66,141,64
NYN,1984,652,5438,1400,235,25,107,500,20,49,59,149,54
NYN,1985,695,5549,1425,239,35,134,546,20,44,89,117,53
NYN,1986,783,5558,1462,261,31,148,631,31,53,75,118,48
NYN,1987,823,5601,1499,287,34,192,592,31,39,70,159,49
NYN,1988,703,5408,1387,251,24,152,544,32,56,65,140,51
NYN,1989,683,5489,1351,280,21,147,504,33,48,56,158,53
NYN,1990,775,5504,1410,278,21,172,536,32,56,54,110,33
NYN,1991,640,5359,1305,250,24,117,578,27,52,60,153,70
NYN,1992,599,5340,1254,259,17,93,572,28,45,74,129,52
NYN,1993,672,5448,1350,228,37,158,448,24,47,89,79,50
NYN,1995,657,4958,1323,218,34,125,446,42,43,92,58,39
NYN,1996,746,5618,1515,267,47,147,445,33,49,75,97,48
NYN,1997,777,5524,1448,274,28,153,550,57,59,58,97,74
NYN,1998,706,5510,1425,289,24,136,572,37,48,88,62,46
NYN,1999,853,5572,1553,297,14,181,717,48,54,63,150,61
NYN,2000,807,5486,1445,282,20,198,675,45,51,70,66,46
NYN,2001,642,5459,1361,273,18,147,545,65,35,52,66,48
NYN,2002,690,5496,1409,238,22,160,486,63,30,75,87,42
NYN,2003,642,5341,1317,262,24,124,489,54,45,78,70,31
NYN,2004,684,5532,1376,289,20,185,512,61,34,69,107,23
NYN,2005,722,5505,1421,279,32,175,486,48,38,69,153,40
NYN,2006,834,5558,1469,323,41,200,547,62,47,77,146,35
NYN,2007,804,5605,1543,294,27,177,549,54,58,77,200,46
NYN,2008,799,5606,1491,274,38,172,619,39,49,73,138,36
NYN,2009,671,5453,1472,295,49,95,526,36,55,88,122,44
NYN,2010,656,5465,1361,266,40,128,502,46,57,74,130,44
NYN,2011,718,5600,1477,309,39,108,571,51,48,65,130,35
OAK,1968,569,5406,1300,192,40,94,472,35,35,78,147,61
OAK,1969,740,5614,1400,210,28,148,617,63,35,74,100,39
OAK,1970,678,5376,1338,208,24,171,584,36,36,73,131,68
OAK,1971,691,5494,1383,195,25,160,542,37,38,80,80,53
OAK,1972,604,5200,1248,195,29,134,463,47,36,100,87,48
OAK,1973,758,5507,1431,216,28,147,595,35,53,67,128,57
OAK,1974,689,5331,1315,205,37,132,568,38,51,60,164,93
OAK,1975,758,5415,1376,220,33,151,609,51,35,74,183,82
OAK,1976,686,5353,1319,208,33,113,592,45,58,58,341,123
OAK,1977,605,5358,1284,176,37,117,516,36,46,64,176,89
OAK,1978,532,5321,1304,200,31,100,433,25,27,108,144,117
OAK,1979,573,5348,1276,188,32,108,482,20,46,75,104,69
OAK,1980,686,5495,1424,212,35,137,506,19,41,99,175,82
OAK,1982,691,5448,1286,211,27,149,582,20,54,50,232,87
OAK,1983,708,5516,1447,237,28,121,524,31,62,55,235,98
OAK,1984,738,5457,1415,257,29,158,568,22,77,37,145,64
OAK,1985,757,5581,1475,230,34,155,508,16,47,63,117,58
OAK,1986,731,5435,1370,213,25,163,553,32,51,56,139,61
OAK,1987,806,5511,1432,263,33,199,593,36,48,50,140,63
OAK,1988,800,5602,1474,251,22,156,580,65,55,54,129,54
OAK,1989,712,5416,1414,220,25,127,562,34,62,36,157,55
OAK,1990,733,5433,1379,209,22,164,651,46,48,60,141,54
OAK,1991,760,5410,1342,246,19,159,642,50,49,41,151,64
OAK,1992,745,5387,1389,219,24,142,707,49,59,72,143,59
OAK,1993,715,5543,1408,260,21,158,622,33,49,46,131,59
OAK,1995,730,4916,1296,228,18,169,565,45,58,32,112,46
OAK,1996,861,5630,1492,283,21,243,640,58,39,35,58,35
OAK,1997,764,5589,1451,274,23,197,642,49,40,49,71,36
OAK,1998,804,5490,1413,295,13,149,633,55,46,58,131,47
OAK,1999,893,5519,1430,287,20,235,770,71,41,39,70,37
OAK,2000,947,5560,1501,281,23,239,750,52,44,26,40,15
OAK,2001,884,5573,1469,334,22,199,640,88,59,25,68,29
OAK,2002,800,5558,1450,279,28,205,609,68,36,20,46,20
OAK,2003,768,5497,1398,317,24,176,556,59,53,22,48,14
OAK,2004,793,5728,1545,336,15,189,608,55,43,25,47,22
OAK,2005,772,5627,1476,310,20,155,537,52,40,19,31,22
OAK,2006,771,5500,1429,266,22,175,650,50,56,25,61,20
OAK,2007,741,5577,1430,295,16,171,664,49,56,18,52,20
OAK,2008,646,5451,1318,270,23,125,574,48,35,30,88,21
OAK,2009,759,5584,1464,307,21,135,527,50,54,31,133,48
OAK,2010,663,5448,1396,276,30,109,527,47,51,43,156,38
OAK,2011,645,5452,1330,280,29,114,509,50,57,34,117,43
PHA,1954,542,5206,1228,191,41,94,504,28,31,54,30,29
PHI,1954,659,5184,1384,243,58,102,604,10,55,84,30,27
PHI,1955,675,5092,1300,214,50,132,652,24,43,53,44,32
PHI,1956,668,5204,1313,207,49,121,585,27,42,52,45,23
PHI,1957,623,5241,1311,213,44,117,534,45,49,52,57,26
PHI,1958,664,5363,1424,238,56,124,573,38,37,70,51,33
PHI,1959,599,5109,1237,196,38,113,498,34,35,59,39,46
PHI,1960,546,5169,1235,196,44,99,448,33,32,66,45,48
PHI,1961,584,5213,1265,185,50,103,475,46,28,108,56,30
PHI,1962,705,5420,1410,199,39,142,531,53,44,83,79,42
PHI,1963,642,5524,1390,228,54,126,403,44,34,87,56,39
PHI,1964,693,5493,1415,241,51,130,440,40,46,97,30,35
PHI,1965,654,5528,1380,205,53,144,494,36,39,75,46,32
PHI,1966,696,5607,1448,224,49,117,510,29,32,78,56,42
PHI,1967,612,5401,1306,221,47,103,545,27,33,90,79,62
PHI,1968,543,5372,1253,178,30,100,462,22,46,64,58,51
PHI,1969,645,5408,1304,227,35,137,549,26,36,61,73,49
PHI,1970,594,5456,1299,224,58,101,519,25,37,62,72,64
PHI,1971,558,5538,1289,209,35,123,499,34,45,55,63,39
PHI,1972,503,5248,1240,200,36,98,487,22,36,69,42,50
PHI,1973,642,5546,1381,218,29,134,476,33,45,56,51,47
PHI,1974,676,5494,1434,233,50,95,469,26,44,84,115,58
PHI,1975,735,5592,1506,283,42,125,610,31,42,88,126,57
PHI,1976,770,5528,1505,259,45,110,542,40,67,59,127,70
PHI,1977,847,5546,1548,266,56,186,573,38,74,59,135,68
PHI,1978,708,5448,1404,248,32,133,552,42,49,61,152,58
PHI,1979,683,5463,1453,250,53,119,602,37,57,60,128,76
PHI,1980,728,5625,1517,272,54,117,472,33,58,77,140,62
PHI,1982,664,5454,1417,245,25,112,506,24,38,85,128,76
PHI,1983,696,5426,1352,209,45,125,640,26,46,80,143,75
PHI,1984,720,5614,1494,248,51,147,555,29,46,39,186,60
PHI,1985,667,5477,1343,238,47,141,527,25,44,49,122,51
PHI,1986,739,5483,1386,266,39,154,589,40,51,66,153,59
PHI,1987,702,5475,1390,248,51,169,587,25,40,63,111,49
PHI,1988,597,5403,1294,246,31,106,489,47,48,67,112,49
PHI,1989,629,5447,1324,215,36,123,558,22,42,57,106,50
PHI,1990,646,5535,1410,237,27,103,582,30,39,59,108,35
PHI,1991,629,5521,1332,248,33,111,490,21,49,52,92,30
PHI,1992,686,5500,1392,255,36,118,509,52,46,64,127,31
PHI,1993,877,5685,1555,297,51,156,665,42,51,84,91,32
PHI,1995,615,4950,1296,263,30,94,497,46,41,77,72,25
PHI,1996,650,5499,1405,249,39,132,536,45,37,54,117,41
PHI,1997,668,5443,1390,290,35,116,519,40,50,74,92,56
PHI,1998,713,5617,1482,286,36,126,508,45,65,65,97,45
PHI,1999,841,5598,1539,302,44,161,631,46,41,70,125,35
PHI,2000,708,5511,1386,304,40,144,611,44,37,70,102,30
PHI,2001,746,5497,1431,295,29,164,551,43,61,67,153,47
PHI,2002,710,5523,1428,325,41,165,640,53,39,67,104,43
PHI,2003,791,5543,1448,325,27,166,651,55,38,46,72,29
PHI,2004,840,5643,1505,303,23,215,645,58,46,64,100,27
PHI,2005,807,5542,1494,282,35,167,639,56,46,62,116,27
PHI,2006,865,5687,1518,294,41,216,626,95,44,57,92,25
PHI,2007,892,5688,1558,326,41,213,641,90,52,65,138,19
PHI,2008,799,5509,1407,291,36,214,586,67,40,71,136,25
PHI,2009,820,5578,1439,312,35,224,589,71,45,55,119,28
PHI,2010,772,5581,1451,290,34,166,560,63,43,44,108,21
PHI,2011,713,5579,1409,258,38,153,539,56,38,65,96,24
PIT,1954,557,5088,1260,181,57,76,566,25,58,99,21,13
PIT,1955,560,5173,1262,210,60,91,471,21,32,93,22,22
PIT,1956,588,5221,1340,199,57,110,383,18,40,95,24,33
PIT,1957,586,5402,1447,231,60,92,374,23,46,97,46,35
PIT,1958,662,5247,1386,229,68,134,396,28,40,68,30,15
PIT,1959,651,5369,1414,230,42,112,442,24,40,77,32,26
PIT,1960,734,5406,1493,236,56,120,486,20,48,69,34,24
PIT,1961,694,5311,1448,232,57,128,428,27,37,64,26,30
PIT,1962,706,5483,1468,240,65,108,432,17,49,54,50,39
PIT,1963,567,5536,1385,181,49,108,454,29,28,63,57,41
PIT,1964,663,5566,1469,225,54,121,408,24,34,87,39,33
PIT,1965,675,5686,1506,217,57,111,419,35,42,67,51,38
PIT,1966,759,5676,1586,238,66,158,405,35,40,73,64,60
PIT,1967,679,5724,1585,193,62,91,387,36,45,63,79,37
PIT,1968,583,5569,1404,180,44,80,422,33,43,96,130,59
PIT,1969,725,5626,1557,220,52,119,454,46,36,73,74,34
PIT,1970,729,5637,1522,235,70,130,444,44,53,53,66,34
PIT,1971,788,5674,1555,223,61,154,469,29,49,62,65,31
PIT,1972,691,5490,1505,251,47,110,404,25,50,52,49,30
PIT,1973,704,5608,1465,257,44,154,432,27,40,60,23,30
PIT,1974,751,5702,1560,238,46,114,514,38,53,54,55,31
PIT,1975,712,5489,1444,255,47,138,468,38,40,76,49,28
PIT,1976,708,5604,1499,249,56,110,433,29,50,61,130,45
PIT,1977,734,5662,1550,278,57,133,474,34,43,49,260,120
PIT,1978,684,5406,1390,239,54,115,480,42,46,64,213,90
PIT,1979,775,5661,1541,264,52,148,483,32,56,98,180,66
PIT,1980,666,5517,1469,249,38,116,452,25,56,75,209,102
PIT,1982,724,5614,1535,272,40,134,447,28,67,78,161,75
PIT,1983,659,5531,1460,238,29,121,497,19,38,84,124,77
PIT,1984,615,5537,1412,237,33,98,438,19,44,81,96,62
PIT,1985,568,5436,1340,251,28,80,514,14,44,91,110,60
PIT,1986,663,5456,1366,273,33,111,569,20,44,68,152,84
PIT,1987,723,5536,1464,282,45,131,535,29,51,71,140,58
PIT,1988,651,5379,1327,240,45,110,553,32,60,66,119,60
PIT,1989,637,5539,1334,263,53,95,563,24,51,83,155,69
PIT,1990,733,5388,1395,288,42,138,582,24,66,96,137,52
PIT,1991,768,5449,1433,259,50,126,620,35,66,99,124,46
PIT,1992,693,5527,1409,272,54,106,569,25,56,89,110,53
PIT,1993,707,5549,1482,267,50,110,536,55,52,76,92,55
PIT,1995,629,4937,1281,245,27,125,456,24,33,51,84,55
PIT,1996,776,5665,1509,319,33,138,510,40,49,72,126,49
PIT,1997,725,5503,1440,291,52,129,481,92,47,77,160,50
PIT,1998,650,5493,1395,271,35,107,393,91,56,78,159,51
PIT,1999,775,5468,1417,282,40,171,573,60,45,87,112,44
PIT,2000,793,5643,1506,320,31,168,564,66,37,59,86,40
PIT,2001,657,5398,1333,256,25,161,467,67,35,60,93,73
PIT,2002,641,5330,1300,263,20,142,537,73,41,68,86,49
PIT,2003,753,5581,1492,275,45,163,529,87,38,79,86,37
PIT,2004,680,5483,1428,267,39,142,415,95,42,79,63,40
PIT,2005,680,5573,1445,292,38,139,471,72,49,56,73,30
PIT,2006,691,5558,1462,286,17,141,459,89,49,62,68,23
PIT,2007,724,5569,1463,322,31,148,463,71,51,60,68,30
PIT,2008,735,5628,1454,314,21,153,474,59,51,66,57,19
PIT,2009,636,5417,1364,289,34,125,499,46,36,60,90,32
PIT,2010,587,5386,1303,276,27,126,463,33,33,58,87,36
PIT,2011,610,5421,1325,277,35,107,489,34,44,75,108,52
SDN,1969,468,5357,1203,180,42,99,423,35,20,56,45,44
SDN,1970,681,5494,1353,208,36,172,500,39,29,83,60,45
SDN,1971,486,5366,1250,184,31,96,438,25,19,87,70,45
SDN,1972,488,5213,1181,168,38,102,407,15,25,90,78,46
SDN,1973,548,5457,1330,198,26,112,401,21,33,73,88,36
SDN,1974,541,5415,1239,196,27,99,564,20,35,83,85,45
SDN,1975,552,5429,1324,215,22,78,506,37,46,133,85,50
SDN,1976,570,5369,1327,216,37,64,488,23,42,125,92,46
SDN,1977,692,5602,1397,245,49,120,602,29,30,90,133,57
SDN,1978,591,5360,1349,208,42,75,536,32,39,114,152,70
SDN,1979,603,5446,1316,193,53,93,534,32,43,113,100,58
SDN,1980,591,5540,1410,195,43,67,563,21,38,92,239,73
SDN,1982,675,5575,1435,217,52,81,429,22,47,86,165,77
SDN,1983,653,5527,1384,207,34,93,482,20,45,89,179,67
SDN,1984,686,5504,1425,207,42,109,472,24,55,64,152,68
SDN,1985,650,5507,1405,241,28,109,513,23,32,75,60,39
SDN,1986,656,5515,1442,239,25,136,484,18,35,66,96,68
SDN,1987,668,5456,1419,209,48,113,577,27,36,81,198,91
SDN,1988,594,5366,1325,205,35,94,494,21,45,106,123,50
SDN,1989,642,5422,1360,215,32,120,552,9,41,95,136,67
SDN,1990,673,5554,1429,243,35,123,509,28,48,79,138,59
SDN,1991,636,5408,1321,204,36,121,501,32,38,78,101,64
SDN,1992,617,5476,1396,255,30,135,453,26,41,78,69,52
SDN,1993,679,5503,1386,239,28,153,443,59,50,80,92,41
SDN,1995,668,4950,1345,231,20,116,447,35,38,56,124,46
SDN,1996,771,5655,1499,285,24,147,601,50,52,59,109,55
SDN,1997,795,5609,1519,275,16,152,604,35,58,63,140,60
SDN,1998,749,5490,1390,292,30,167,604,48,45,56,79,37
SDN,1999,710,5394,1360,256,22,153,631,35,40,36,174,67
SDN,2000,752,5560,1413,279,37,157,602,46,43,39,131,53
SDN,2001,789,5482,1379,273,26,161,678,41,48,29,129,44
SDN,2002,662,5515,1393,243,29,136,547,30,41,45,71,44
SDN,2003,678,5531,1442,257,32,128,565,57,42,50,76,39
SDN,2004,768,5573,1521,304,32,139,566,56,66,52,52,25
SDN,2005,684,5502,1416,269,39,130,600,49,48,72,99,44
SDN,2006,731,5576,1465,298,38,161,564,40,47,59,123,31
SDN,2007,741,5612,1408,322,31,171,557,49,44,64,55,24
SDN,2008,637,5568,1390,264,27,154,518,53,46,59,36,17
SDN,2009,638,5425,1315,265,31,141,586,57,36,74,82,29
SDN,2010,665,5434,1338,236,24,132,538,50,46,79,124,50
SDN,2011,593,5417,1284,247,42,91,501,48,47,55,170,44
SE1,1969,639,5444,1276,179,27,125,626,34,29,72,167,59
SEA,1977,624,5460,1398,218,33,133,426,35,42,81,110,67
SEA,1978,614,5358,1327,229,37,97,522,22,53,68,123,47
SEA,1979,711,5544,1490,250,52,132,515,28,54,61,126,52
SEA,1980,610,5489,1359,211,35,104,483,19,44,106,116,62
SEA,1982,651,5626,1431,259,33,130,456,22,35,42,131,82
SEA,1983,558,5336,1280,247,31,111,460,24,45,40,144,80
SEA,1984,682,5546,1429,244,34,129,519,42,38,66,116,62
SEA,1985,719,5521,1410,277,38,171,564,31,41,28,94,35
SEA,1986,718,5498,1392,243,41,158,572,34,29,52,93,76
SEA,1987,760,5508,1499,282,48,161,500,43,50,38,174,73
SEA,1988,664,5436,1397,271,27,148,461,38,42,40,95,61
SEA,1989,694,5512,1417,237,29,134,489,45,52,35,81,55
SEA,1990,640,5474,1419,251,26,107,596,40,54,41,105,51
SEA,1991,702,5494,1400,268,29,126,588,37,62,55,97,44
SEA,1992,679,5564,1466,278,24,149,474,38,51,52,100,55
SEA,1993,734,5494,1429,272,24,161,624,56,51,63,91,68
SEA,1995,796,4996,1377,276,20,182,549,39,34,52,110,41
SEA,1996,993,5668,1625,343,19,245,670,75,58,46,90,39
SEA,1997,925,5614,1574,312,21,264,626,49,49,46,89,40
SEA,1998,859,5628,1553,321,28,234,558,57,48,36,115,39
SEA,1999,859,5572,1499,263,21,244,610,42,48,38,130,45
SEA,2000,907,5497,1481,300,26,198,775,48,61,63,122,56
SEA,2001,927,5680,1637,310,38,169,614,62,70,48,174,42
SEA,2002,814,5569,1531,285,31,152,629,51,72,41,137,58
SEA,2003,795,5561,1509,290,33,139,586,53,46,35,108,37
SEA,2004,698,5722,1544,276,20,136,492,54,48,46,110,42
SEA,2005,699,5507,1408,289,34,130,466,48,37,37,102,47
SEA,2006,756,5670,1540,266,42,172,404,63,38,38,106,37
SEA,2007,794,5684,1629,284,22,153,389,62,40,33,81,30
SEA,2008,671,5643,1498,285,20,124,417,38,42,36,90,32
SEA,2009,640,5543,1430,280,19,160,421,49,44,56,89,33
SEA,2010,513,5409,1274,227,16,101,459,39,40,42,142,39
SEA,2011,556,5421,1263,253,22,109,435,37,41,38,125,40
SFN,1958,727,5318,1399,250,42,170,531,34,45,68,64,29
SFN,1959,705,5281,1377,239,35,167,473,25,38,73,81,34
SFN,1960,671,5324,1357,220,62,130,467,33,39,60,86,45
SFN,1961,773,5233,1379,219,32,183,506,30,48,70,79,54
SFN,1962,878,5588,1552,235,32,204,523,42,48,76,73,50
SFN,1963,725,5579,1442,206,35,197,441,45,39,72,55,49
SFN,1964,656,5535,1360,185,38,165,505,33,43,78,64,35
SFN,1965,682,5495,1384,169,43,159,476,31,37,80,47,27
SFN,1966,675,5539,1373,195,31,181,414,32,28,70,29,30
SFN,1967,652,5524,1354,201,39,140,520,42,27,92,22,30
SFN,1968,599,5441,1301,162,33,108,508,47,44,92,50,37
SFN,1969,713,5474,1325,187,28,136,711,66,42,82,71,32
SFN,1970,831,5578,1460,257,35,165,729,56,40,66,83,27
SFN,1971,706,5461,1348,224,36,140,654,37,37,69,101,36
SFN,1972,662,5245,1281,211,36,150,480,30,39,64,123,45
SFN,1973,739,5537,1452,212,52,161,590,35,37,75,112,52
SFN,1974,634,5482,1380,228,38,93,548,30,24,75,107,51
SFN,1975,659,5447,1412,235,45,84,604,22,51,62,99,47
SFN,1976,595,5452,1340,211,37,85,518,25,48,80,88,55
SFN,1977,673,5497,1392,227,41,134,568,21,51,78,90,59
SFN,1978,613,5364,1331,240,41,117,554,17,40,127,87,54
SFN,1979,672,5395,1328,192,36,125,580,20,47,89,140,73
SFN,1980,573,5368,1310,199,44,80,509,14,54,100,100,58
SFN,1982,673,5499,1393,213,30,133,607,17,45,59,130,56
SFN,1983,687,5369,1324,206,30,142,619,28,46,64,140,78
SFN,1984,682,5650,1499,229,26,112,528,17,44,51,126,76
SFN,1985,556,5420,1263,217,31,115,488,37,25,93,99,55
SFN,1986,698,5501,1394,269,29,114,536,37,34,101,148,93
SFN,1987,783,5608,1458,274,32,205,511,39,35,55,126,97
SFN,1988,670,5450,1353,227,44,113,550,33,51,91,121,78
SFN,1989,699,5469,1365,241,52,141,508,40,39,82,87,54
SFN,1990,719,5573,1459,221,35,152,488,33,45,76,109,56
SFN,1991,649,5463,1345,215,48,141,471,40,33,90,95,57
SFN,1992,574,5456,1330,220,36,105,435,39,39,101,112,64
SFN,1993,808,5557,1534,269,33,168,516,46,50,102,120,65
SFN,1995,652,4971,1256,229,33,152,472,57,24,79,138,46
SFN,1996,752,5533,1400,245,21,153,615,48,43,77,113,53
SFN,1997,784,5485,1415,266,37,172,642,46,59,64,121,49
SFN,1998,845,5628,1540,292,26,161,678,44,53,81,102,51
SFN,1999,872,5563,1507,307,18,188,696,60,42,87,109,56
SFN,2000,925,5519,1535,304,44,226,709,51,66,73,79,39
SFN,2001,799,5612,1493,304,40,235,625,50,54,67,57,42
SFN,2002,783,5497,1465,300,35,198,616,65,52,68,74,21
SFN,2003,755,5456,1440,281,29,180,593,40,39,76,53,37
SFN,2004,850,5546,1500,314,33,183,705,72,51,92,43,23
SFN,2005,649,5462,1427,299,26,128,431,49,44,91,71,35
SFN,2006,746,5472,1418,297,52,163,494,53,37,80,58,25
SFN,2007,683,5538,1407,267,37,131,532,39,36,67,119,33
SFN,2008,640,5543,1452,311,37,94,452,48,44,57,108,46
SFN,2009,657,5493,1411,275,43,122,392,50,55,67,78,28
SFN,2010,697,5488,1411,284,30,162,487,50,41,76,55,32
SFN,2011,570,5486,1327,282,24,121,448,52,43,62,85,51
SLN,1954,799,5405,1518,285,58,119,582,30,66,44,63,46
SLN,1955,654,5266,1375,228,36,143,458,31,44,56,64,59
SLN,1956,678,5378,1443,234,49,124,503,33,31,41,41,35
SLN,1957,737,5472,1497,235,43,132,493,18,54,45,58,44
SLN,1958,619,5255,1371,216,39,111,533,20,39,44,44,43
SLN,1959,641,5317,1432,244,49,118,485,19,26,60,65,53
SLN,1960,639,5187,1317,213,48,138,501,31,35,52,48,35
SLN,1961,703,5307,1436,236,51,103,494,33,40,70,46,28
SLN,1962,774,5643,1528,221,31,137,515,45,35,69,86,41
SLN,1963,747,5678,1540,231,66,128,458,25,37,85,77,42
SLN,1964,715,5625,1531,240,53,109,427,18,32,94,73,51
SLN,1965,707,5579,1415,234,46,109,477,35,41,72,100,52
SLN,1966,571,5480,1377,196,61,108,345,35,44,59,144,61
SLN,1967,695,5566,1462,225,40,115,443,45,44,54,102,54
SLN,1968,583,5561,1383,227,48,73,378,32,42,67,110,45
SLN,1969,595,5536,1403,228,44,90,503,23,33,57,87,49
SLN,1970,744,5689,1497,218,51,113,569,26,40,52,117,47
SLN,1971,739,5610,1542,225,54,95,543,25,59,63,124,53
SLN,1972,568,5326,1383,214,42,70,437,27,36,58,104,48
SLN,1973,643,5478,1418,240,35,75,531,29,50,89,100,46
SLN,1974,677,5620,1492,216,46,83,531,44,55,68,172,62
SLN,1975,662,5597,1527,239,46,81,444,29,45,92,116,49
SLN,1976,629,5516,1432,243,57,63,512,22,45,86,123,55
SLN,1977,737,5527,1490,252,56,96,489,25,29,66,134,112
SLN,1978,600,5415,1351,263,44,79,420,22,53,55,97,42
SLN,1979,731,5734,1594,279,63,100,460,27,63,63,116,69
SLN,1980,738,5608,1541,300,49,101,451,21,49,73,117,54
SLN,1982,685,5455,1439,239,52,67,569,30,55,87,200,91
SLN,1983,679,5550,1496,262,63,83,543,24,49,72,207,89
SLN,1984,652,5433,1369,225,44,75,516,23,46,68,220,71
SLN,1985,747,5467,1446,245,59,87,586,18,41,70,314,96
SLN,1986,601,5378,1270,216,48,58,568,20,46,108,262,78
SLN,1987,798,5500,1449,252,49,94,644,18,51,84,248,72
SLN,1988,578,5518,1373,207,33,71,484,22,48,105,234,64
SLN,1989,632,5492,1418,263,47,73,507,21,43,78,155,54
SLN,1990,599,5462,1398,255,41,73,517,21,50,77,221,74
SLN,1991,651,5362,1366,239,53,68,532,21,47,58,202,110
SLN,1992,631,5594,1464,262,44,94,495,32,41,68,208,118
SLN,1993,758,5551,1508,262,34,118,588,27,54,59,153,72
SLN,1995,563,4779,1182,238,24,107,436,46,40,48,79,46
SLN,1996,759,5502,1468,281,31,142,495,44,48,88,149,58
SLN,1997,689,5524,1409,269,39,144,543,42,44,58,164,60
SLN,1998,810,5593,1444,292,30,223,676,42,34,68,133,41
SLN,1999,809,5570,1461,274,27,194,613,51,44,75,134,48
SLN,2000,887,5478,1481,259,25,235,675,84,53,79,87,51
SLN,2001,814,5450,1469,274,32,199,529,65,50,83,91,35
SLN,2002,787,5505,1475,285,26,175,542,67,49,83,86,42
SLN,2003,876,5672,1580,342,32,196,580,73,54,87,82,32
SLN,2004,855,5555,1544,319,24,214,548,51,70,73,111,47
SLN,2005,805,5538,1494,287,26,170,534,62,35,77,83,36
SLN,2006,781,5522,1484,292,27,184,531,61,40,71,59,32
SLN,2007,725,5529,1513,279,13,141,506,54,54,68,56,33
SLN,2008,779,5636,1585,283,26,174,577,42,44,71,73,32
SLN,2009,730,5465,1436,294,29,160,528,61,43,68,75,31
SLN,2010,736,5542,1456,285,18,150,541,50,40,66,79,41
SLN,2011,762,5532,1513,308,22,162,542,44,40,84,57,39
TBA,1998,620,5555,1450,267,43,111,473,37,38,53,120,73
TBA,1999,772,5586,1531,272,29,145,544,64,48,30,73,49
TBA,2000,733,5505,1414,253,22,162,559,50,40,52,90,46
TBA,2001,672,5524,1426,311,21,121,456,54,25,45,115,52
TBA,2002,673,5604,1418,297,35,133,456,58,36,44,102,45
TBA,2003,715,5654,1501,298,38,137,420,56,50,32,142,42
TBA,2004,714,5483,1416,278,46,145,469,55,56,35,132,42
TBA,2005,750,5552,1519,289,40,157,412,69,51,34,151,49
TBA,2006,689,5474,1395,267,33,190,441,47,43,35,134,52
TBA,2007,782,5593,1500,291,36,187,545,53,52,34,131,48
TBA,2008,774,5541,1443,284,37,180,626,68,52,23,142,50
TBA,2009,803,5462,1434,297,36,199,642,49,45,25,194,61
TBA,2010,802,5439,1343,295,37,160,672,57,57,39,172,47
TBA,2011,707,5436,1324,273,37,172,571,73,35,37,155,62
TEX,1972,461,5029,1092,166,17,56,503,30,34,84,126,73
TEX,1973,619,5488,1397,195,29,110,503,27,50,45,91,53
TEX,1974,690,5449,1482,198,39,99,508,38,47,81,113,80
TEX,1975,714,5599,1431,208,17,134,613,25,41,64,102,62
TEX,1976,616,5555,1390,213,26,80,568,29,45,72,87,45
TEX,1977,767,5541,1497,265,39,135,596,39,50,116,154,85
TEX,1978,692,5347,1353,216,36,132,624,32,55,83,196,91
TEX,1979,750,5562,1549,252,26,140,461,33,59,78,79,51
TEX,1980,756,5690,1616,263,27,124,480,23,56,70,91,49
TEX,1982,590,5445,1354,204,26,115,447,32,32,64,63,45
TEX,1983,639,5610,1429,242,33,106,442,29,42,38,119,60
TEX,1984,656,5569,1452,227,29,120,420,20,43,47,81,50
TEX,1985,617,5361,1359,213,41,129,530,33,45,34,130,76
TEX,1986,771,5529,1479,248,43,184,511,35,42,31,103,85
TEX,1987,823,5564,1478,264,35,194,567,24,51,42,120,71
TEX,1988,637,5479,1378,227,39,112,542,35,53,48,130,57
TEX,1989,695,5458,1433,260,46,122,503,34,40,63,101,49
TEX,1990,676,5469,1416,257,27,110,575,34,44,54,115,48
TEX,1991,829,5703,1539,288,31,177,596,42,41,59,102,50
TEX,1992,682,5537,1387,266,23,159,550,50,45,56,81,44
TEX,1993,835,5510,1472,284,39,181,483,48,56,69,113,67
TEX,1995,691,4913,1304,247,24,138,526,33,45,49,90,47
TEX,1996,928,5702,1622,323,32,221,660,31,69,32,83,26
TEX,1997,807,5651,1547,311,27,187,500,34,52,28,72,37
TEX,1998,940,5672,1637,314,32,201,595,39,54,41,82,47
TEX,1999,945,5651,1653,304,29,230,611,29,62,35,111,54
TEX,2000,848,5648,1601,330,35,173,580,39,48,48,69,47
TEX,2001,890,5685,1566,326,23,246,548,75,55,25,97,32
TEX,2002,843,5618,1510,304,27,230,554,62,50,48,62,34
TEX,2003,826,5664,1506,274,36,239,488,75,42,24,65,25
TEX,2004,860,5615,1492,323,34,227,500,61,57,23,69,36
TEX,2005,865,5716,1528,311,29,260,495,48,32,9,67,15
TEX,2006,835,5659,1571,357,23,183,505,40,50,18,53,24
TEX,2007,816,5555,1460,298,36,179,503,56,42,57,88,25
TEX,2008,901,5728,1619,376,35,194,595,63,54,37,81,25
TEX,2009,784,5526,1436,296,27,224,472,37,51,40,149,36
TEX,2010,787,5635,1556,268,25,162,511,45,54,53,123,48
TEX,2011,855,5659,1599,310,32,210,475,39,49,39,143,45
TOR,1977,605,5418,1367,230,41,100,499,23,34,81,65,55
TOR,1978,590,5430,1358,217,39,98,448,23,37,77,28,52
TOR,1979,613,5423,1362,253,34,95,448,36,38,65,75,56
TOR,1980,624,5571,1398,249,53,126,448,33,34,63,67,72
TOR,1982,651,5526,1447,262,45,106,415,28,50,48,118,81
TOR,1983,795,5581,1546,268,58,167,510,32,54,36,131,72
TOR,1984,750,5687,1555,275,68,143,460,52,49,35,193,67
TOR,1985,759,5508,1482,281,53,158,503,30,44,21,144,77
TOR,1986,809,5716,1540,285,35,181,496,33,49,24,110,59
TOR,1987,845,5635,1514,277,38,215,555,38,35,30,126,50
TOR,1988,763,5557,1491,271,47,158,521,31,50,34,107,36
TOR,1989,731,5581,1449,265,40,142,521,31,53,30,144,58
TOR,1990,767,5589,1479,263,50,167,526,28,62,18,111,52
TOR,1991,684,5489,1412,295,45,133,499,58,65,56,148,53
TOR,1992,780,5536,1458,265,40,163,561,47,54,26,129,39
TOR,1993,847,5579,1556,317,42,159,588,52,54,46,170,49
TOR,1995,642,5036,1309,275,27,140,492,44,45,33,75,16
TOR,1996,766,5599,1451,302,35,177,529,92,37,38,116,38
TOR,1997,654,5473,1333,275,41,147,487,59,52,38,134,50
TOR,1998,816,5580,1482,316,19,221,564,87,49,43,184,81
TOR,1999,883,5642,1580,337,14,212,578,76,45,28,119,48
TOR,2000,861,5677,1562,328,21,244,526,60,34,29,89,34
TOR,2001,767,5663,1489,287,36,195,470,74,43,34,156,55
TOR,2002,813,5581,1457,305,38,187,522,53,57,17,71,18
TOR,2003,894,5661,1580,357,33,190,546,90,56,11,37,25
TOR,2004,719,5531,1438,290,34,145,513,71,42,20,58,31
TOR,2005,775,5581,1480,307,39,136,486,89,56,21,72,35
TOR,2006,809,5596,1591,348,27,199,514,63,52,16,65,33
TOR,2007,753,5536,1434,344,24,165,533,47,48,33,57,22
TOR,2008,714,5503,1453,303,32,126,521,59,56,48,80,27
TOR,2009,798,5696,1516,339,13,209,548,45,49,24,73,23
TOR,2010,755,5495,1364,319,21,257,471,55,34,16,58,20
TOR,2011,743,5559,1384,285,34,186,525,48,47,31,131,52
WAS,2005,639,5426,1367,311,32,117,491,89,45,91,45,45
WAS,2006,746,5495,1437,322,22,164,594,69,49,76,123,62
WAS,2007,673,5520,1415,309,31,123,524,53,41,63,69,23
WAS,2008,641,5491,1376,269,26,117,534,67,36,64,81,43
WAS,2009,710,5493,1416,271,38,156,617,56,42,64,73,40
WAS,2010,655,5418,1355,250,31,149,503,60,47,71,110,41
WAS,2011,624,5441,1319,257,22,154,470,65,32,82,106,38
WS1,1954,632,5249,1292,188,69,81,610,27,42,77,37,21
WS1,1955,598,5142,1277,178,54,80,537,36,38,79,25,32
WS1,1956,652,5202,1302,198,62,112,690,41,35,75,37,34
WS1,1957,603,5231,1274,215,38,111,527,46,41,50,13,38
WS1,1958,553,5156,1240,161,38,121,477,35,38,57,22,41
WS1,1959,619,5092,1205,173,32,163,517,26,35,64,51,34
WS1,1960,672,5248,1283,205,43,147,584,48,38,86,52,43
WS2,1961,618,5366,1307,217,44,119,558,21,44,73,81,47
WS2,1962,599,5484,1370,206,38,132,466,15,36,71,99,53
WS2,1963,578,5446,1237,190,35,138,497,30,39,57,68,28
WS2,1964,578,5396,1246,199,28,125,514,28,33,66,47,30
WS2,1965,591,5374,1227,179,33,136,570,34,37,63,30,19
WS2,1966,557,5318,1245,185,40,126,450,20,33,84,53,37
WS2,1967,550,5441,1211,168,25,115,472,37,31,63,53,37
WS2,1968,524,5400,1208,160,37,124,454,39,32,46,29,19
WS2,1969,694,5447,1365,171,40,148,630,32,36,51,52,40
WS2,1970,626,5460,1302,184,28,138,635,46,38,44,72,42
WS2,1971,537,5290,1219,189,30,86,575,28,35,58,68,45
